,state,st_date,year,week,lat,lon,cases,maxt,mint,soil,rain,rh,mintl0,mintl1,mintl2,mintl3,mintl4,mintl5,mintl6,mintl7,mintl8,mintl9,rainl0,rainl1,rainl2,rainl3,rainl4,rainl5,rainl6,rainl7,rainl8,rainl9,maxtl0,maxtl1,maxtl2,maxtl3,maxtl4,maxtl5,maxtl6,maxtl7,maxtl8,maxtl9,soill0,soill1,soill2,soill3,soill4,soill5,soill6,soill7,soill8,soill9,rhl0,rhl1,rhl2,rhl3,rhl4,rhl5,rhl6,rhl7,rhl8,rhl9
1,Kerala,14-03-2010 00:00,2010,12,9.9088781,76.6080554,9,34.774286,23.51285689,8.492694043,0,63.10703441,23.51285689,22.78028696,22.79598132,22.80974457,22.82543435,22.82589161,22.84141302,22.83821013,22.82541974,22.81241966,0,13.05854722,12.91175417,12.7980624,12.54984679,12.54984679,12.36243943,12.34832701,12.3475085,12.35218361,34.774286,31.13993397,31.17138418,31.19349321,31.21807639,31.21899049,31.24657098,31.24883595,31.22900071,31.20884029,8.492694043,52.28414261,52.24206107,52.23045567,52.23634089,52.23486621,52.10007642,51.88259255,51.83170381,51.75398375,63.10703441,83.51550427,83.46484382,83.43004499,83.36474732,83.28791089,83.20984507,83.13765019,83.13211135,83.09616177
2,Kerala,09-04-2010 00:00,2010,15,9.4810562,76.8450521,7,34.89714323,24.81571443,38.74154892,7.275,82.18899972,24.81571443,23.51285689,22.79598132,22.80974457,22.82543435,22.82589161,22.84141302,22.83821013,22.82541974,22.81241966,7.275,0,12.91175417,12.7980624,12.54984679,12.54984679,12.36243943,12.34832701,12.3475085,12.35218361,34.89714323,34.774286,31.17138418,31.19349321,31.21807639,31.21899049,31.24657098,31.24883595,31.22900071,31.20884029,38.74154892,8.492694043,52.24206107,52.23045567,52.23634089,52.23486621,52.10007642,51.88259255,51.83170381,51.75398375,82.18899972,63.10703441,83.46484382,83.43004499,83.36474732,83.28791089,83.20984507,83.13765019,83.13211135,83.09616177
3,Kerala,09-04-2010 00:00,2010,16,9.4810562,76.8450521,14,34.44714355,24.18714305,41.0433569,16,90.40479279,24.18714305,24.81571443,23.51285689,22.80974457,22.82543435,22.82589161,22.84141302,22.83821013,22.82541974,22.81241966,16,7.275,0,12.7980624,12.54984679,12.54984679,12.36243943,12.34832701,12.3475085,12.35218361,34.44714355,34.89714323,34.774286,31.19349321,31.21807639,31.21899049,31.24657098,31.24883595,31.22900071,31.20884029,41.0433569,38.74154892,8.492694043,52.23045567,52.23634089,52.23486621,52.10007642,51.88259255,51.83170381,51.75398375,90.40479279,82.18899972,63.10703441,83.43004499,83.36474732,83.28791089,83.20984507,83.13765019,83.13211135,83.09616177
4,Kerala,09-04-2010 00:00,2010,17,9.4449027,76.9340573,32,33.75999996,23.80571365,50.71712176,13.28333333,80.44042751,23.80571365,24.18714305,24.81571443,23.51285689,22.82543435,22.82589161,22.84141302,22.83821013,22.82541974,22.81241966,13.28333333,16,7.275,0,12.54984679,12.54984679,12.36243943,12.34832701,12.3475085,12.35218361,33.75999996,34.44714355,34.89714323,34.774286,31.21807639,31.21899049,31.24657098,31.24883595,31.22900071,31.20884029,50.71712176,41.0433569,38.74154892,8.492694043,52.23634089,52.23486621,52.10007642,51.88259255,51.83170381,51.75398375,80.44042751,90.40479279,82.18899972,63.10703441,83.36474732,83.28791089,83.20984507,83.13765019,83.13211135,83.09616177
5,Kerala,26-04-2010 00:00,2010,20,9.4810774,76.8456315,10,33.03285762,24.60428565,41.99879608,11.575,92.30728259,24.60428565,23.80571365,24.18714305,24.81571443,23.51285689,22.82589161,22.84141302,22.83821013,22.82541974,22.81241966,11.575,13.28333333,16,7.275,0,12.54984679,12.36243943,12.34832701,12.3475085,12.35218361,33.03285762,33.75999996,34.44714355,34.89714323,34.774286,31.21899049,31.24657098,31.24883595,31.22900071,31.20884029,41.99879608,50.71712176,41.0433569,38.74154892,8.492694043,52.23486621,52.10007642,51.88259255,51.83170381,51.75398375,92.30728259,80.44042751,90.40479279,82.18899972,63.10703441,83.28791089,83.20984507,83.13765019,83.13211135,83.09616177
6,Kerala,03-05-2010 00:00,2010,20,9.7542026,76.7602469,8,33.03285762,24.60428565,46.99548111,4.966666667,83.61922237,24.60428565,24.60428565,23.80571365,24.18714305,24.81571443,23.51285689,22.84141302,22.83821013,22.82541974,22.81241966,4.966666667,11.575,13.28333333,16,7.275,0,12.36243943,12.34832701,12.3475085,12.35218361,33.03285762,33.03285762,33.75999996,34.44714355,34.89714323,34.774286,31.24657098,31.24883595,31.22900071,31.20884029,46.99548111,41.99879608,50.71712176,41.0433569,38.74154892,8.492694043,52.10007642,51.88259255,51.83170381,51.75398375,83.61922237,92.30728259,80.44042751,90.40479279,82.18899972,63.10703441,83.20984507,83.13765019,83.13211135,83.09616177
7,Kerala,14-05-2010 00:00,2010,20,9.8559949,76.6845832,10,33.03285762,24.60428565,46.99548111,13.4,89.95237187,24.60428565,24.60428565,24.60428565,23.80571365,24.18714305,24.81571443,23.51285689,22.83821013,22.82541974,22.81241966,13.4,4.966666667,11.575,13.28333333,16,7.275,0,12.34832701,12.3475085,12.35218361,33.03285762,33.03285762,33.03285762,33.75999996,34.44714355,34.89714323,34.774286,31.24883595,31.22900071,31.20884029,46.99548111,46.99548111,41.99879608,50.71712176,41.0433569,38.74154892,8.492694043,51.88259255,51.83170381,51.75398375,89.95237187,83.61922237,92.30728259,80.44042751,90.40479279,82.18899972,63.10703441,83.13765019,83.13211135,83.09616177
8,Kerala,26-04-2010 00:00,2010,20,9.4810562,76.8450521,16,33.03285762,24.60428565,41.99879608,11.575,92.30728259,24.60428565,24.60428565,24.60428565,24.60428565,23.80571365,24.18714305,24.81571443,23.51285689,22.82541974,22.81241966,11.575,13.4,4.966666667,11.575,13.28333333,16,7.275,0,12.3475085,12.35218361,33.03285762,33.03285762,33.03285762,33.03285762,33.75999996,34.44714355,34.89714323,34.774286,31.22900071,31.20884029,41.99879608,46.99548111,46.99548111,41.99879608,50.71712176,41.0433569,38.74154892,8.492694043,51.83170381,51.75398375,92.30728259,89.95237187,83.61922237,92.30728259,80.44042751,90.40479279,82.18899972,63.10703441,83.13211135,83.09616177
9,Kerala,09-04-2010 00:00,2010,23,9.4449027,76.9340573,66,31.00714357,23.18428585,66.16334534,26.21666667,79.07433755,23.18428585,24.60428565,24.60428565,24.60428565,24.60428565,23.80571365,24.18714305,24.81571443,23.51285689,22.81241966,26.21666667,11.575,13.4,4.966666667,11.575,13.28333333,16,7.275,0,12.35218361,31.00714357,33.03285762,33.03285762,33.03285762,33.03285762,33.75999996,34.44714355,34.89714323,34.774286,31.20884029,66.16334534,41.99879608,46.99548111,46.99548111,41.99879608,50.71712176,41.0433569,38.74154892,8.492694043,51.75398375,79.07433755,92.30728259,89.95237187,83.61922237,92.30728259,80.44042751,90.40479279,82.18899972,63.10703441,83.09616177
10,Kerala,09-04-2010 00:00,2010,24,9.4449027,76.9340573,68,28.78428541,22.57857159,86.63234456,47.77142857,85.97679574,22.57857159,23.18428585,24.60428565,24.60428565,24.60428565,24.60428565,23.80571365,24.18714305,24.81571443,23.51285689,47.77142857,26.21666667,11.575,13.4,4.966666667,11.575,13.28333333,16,7.275,0,28.78428541,31.00714357,33.03285762,33.03285762,33.03285762,33.03285762,33.75999996,34.44714355,34.89714323,34.774286,86.63234456,66.16334534,41.99879608,46.99548111,46.99548111,41.99879608,50.71712176,41.0433569,38.74154892,8.492694043,85.97679574,79.07433755,92.30728259,89.95237187,83.61922237,92.30728259,80.44042751,90.40479279,82.18899972,63.10703441
11,Kerala,18-02-2011 00:00,2011,11,8.5241391,76.9366376,25,32.96142905,22.63571412,52.42215,18.6,70.87480327,22.63571412,22.57857159,23.18428585,24.60428565,24.60428565,24.60428565,24.60428565,23.80571365,24.18714305,24.81571443,18.6,47.77142857,26.21666667,11.575,13.4,4.966666667,11.575,13.28333333,16,7.275,32.96142905,28.78428541,31.00714357,33.03285762,33.03285762,33.03285762,33.03285762,33.75999996,34.44714355,34.89714323,52.42215,86.63234456,66.16334534,41.99879608,46.99548111,46.99548111,41.99879608,50.71712176,41.0433569,38.74154892,70.87480327,85.97679574,79.07433755,92.30728259,89.95237187,83.61922237,92.30728259,80.44042751,90.40479279,82.18899972
12,Kerala,06-05-2011 00:00,2011,23,9.4880441,76.720681,3,30.38142858,22.90857152,72.97142601,24.85714286,90.61279624,22.90857152,22.63571412,22.57857159,23.18428585,24.60428565,24.60428565,24.60428565,24.60428565,23.80571365,24.18714305,24.85714286,18.6,47.77142857,26.21666667,11.575,13.4,4.966666667,11.575,13.28333333,16,30.38142858,32.96142905,28.78428541,31.00714357,33.03285762,33.03285762,33.03285762,33.03285762,33.75999996,34.44714355,72.97142601,52.42215,86.63234456,66.16334534,41.99879608,46.99548111,46.99548111,41.99879608,50.71712176,41.0433569,90.61279624,70.87480327,85.97679574,79.07433755,92.30728259,89.95237187,83.61922237,92.30728259,80.44042751,90.40479279
13,Kerala,25-06-2011 00:00,2011,27,9.5863736,76.5154798,3,30.16285706,22.65857152,52.42215,14.54,87.08835166,22.65857152,22.90857152,22.63571412,22.57857159,23.18428585,24.60428565,24.60428565,24.60428565,24.60428565,23.80571365,14.54,24.85714286,18.6,47.77142857,26.21666667,11.575,13.4,4.966666667,11.575,13.28333333,30.16285706,30.38142858,32.96142905,28.78428541,31.00714357,33.03285762,33.03285762,33.03285762,33.03285762,33.75999996,52.42215,72.97142601,52.42215,86.63234456,66.16334534,41.99879608,46.99548111,46.99548111,41.99879608,50.71712176,87.08835166,90.61279624,70.87480327,85.97679574,79.07433755,92.30728259,89.95237187,83.61922237,92.30728259,80.44042751
14,Kerala,28-06-2011 00:00,2011,27,10.0186118,76.223288,3,31.1029,22.76782,52.42215,0,83.607,22.76782,22.65857152,22.90857152,22.63571412,22.57857159,23.18428585,24.60428565,24.60428565,24.60428565,24.60428565,0,14.54,24.85714286,18.6,47.77142857,26.21666667,11.575,13.4,4.966666667,11.575,31.1029,30.16285706,30.38142858,32.96142905,28.78428541,31.00714357,33.03285762,33.03285762,33.03285762,33.03285762,52.42215,52.42215,72.97142601,52.42215,86.63234456,66.16334534,41.99879608,46.99548111,46.99548111,41.99879608,83.607,87.08835166,90.61279624,70.87480327,85.97679574,79.07433755,92.30728259,89.95237187,83.61922237,92.30728259
15,Kerala,12-05-2012 00:00,2012,20,11.6903194,75.9576732,32,31.35428565,22.3485715,39.48289947,1.25,80.28415244,22.3485715,22.76782,22.65857152,22.90857152,22.63571412,22.57857159,23.18428585,24.60428565,24.60428565,24.60428565,1.25,0,14.54,24.85714286,18.6,47.77142857,26.21666667,11.575,13.4,4.966666667,31.35428565,31.1029,30.16285706,30.38142858,32.96142905,28.78428541,31.00714357,33.03285762,33.03285762,33.03285762,39.48289947,52.42215,52.42215,72.97142601,52.42215,86.63234456,66.16334534,41.99879608,46.99548111,46.99548111,80.28415244,83.607,87.08835166,90.61279624,70.87480327,85.97679574,79.07433755,92.30728259,89.95237187,83.61922237
16,Kerala,11-05-2012 00:00,2012,20,9.4351246,76.854799,10,33.27714266,24.23000009,40.81312027,6.2,80.12306649,24.23000009,22.3485715,22.76782,22.65857152,22.90857152,22.63571412,22.57857159,23.18428585,24.60428565,24.60428565,6.2,1.25,0,14.54,24.85714286,18.6,47.77142857,26.21666667,11.575,13.4,33.27714266,31.35428565,31.1029,30.16285706,30.38142858,32.96142905,28.78428541,31.00714357,33.03285762,33.03285762,40.81312027,39.48289947,52.42215,52.42215,72.97142601,52.42215,86.63234456,66.16334534,41.99879608,46.99548111,80.12306649,80.28415244,83.607,87.08835166,90.61279624,70.87480327,85.97679574,79.07433755,92.30728259,89.95237187
17,Kerala,06-06-2012 00:00,2012,23,9.2105121,76.7661916,10,32.2971423,23.88285719,66.19810333,5.857142857,86.6394904,23.88285719,24.23000009,22.3485715,22.76782,22.65857152,22.90857152,22.63571412,22.57857159,23.18428585,24.60428565,5.857142857,6.2,1.25,0,14.54,24.85714286,18.6,47.77142857,26.21666667,11.575,32.2971423,33.27714266,31.35428565,31.1029,30.16285706,30.38142858,32.96142905,28.78428541,31.00714357,33.03285762,66.19810333,40.81312027,39.48289947,52.42215,52.42215,72.97142601,52.42215,86.63234456,66.16334534,41.99879608,86.6394904,80.12306649,80.28415244,83.607,87.08835166,90.61279624,70.87480327,85.97679574,79.07433755,92.30728259
18,Kerala,13-06-2012 00:00,2012,24,8.9300191,76.9064744,26,31.50714275,23.44285747,60.78344192,14.1,87.74480874,23.44285747,23.88285719,24.23000009,22.3485715,22.76782,22.65857152,22.90857152,22.63571412,22.57857159,23.18428585,14.1,5.857142857,6.2,1.25,0,14.54,24.85714286,18.6,47.77142857,26.21666667,31.50714275,32.2971423,33.27714266,31.35428565,31.1029,30.16285706,30.38142858,32.96142905,28.78428541,31.00714357,60.78344192,66.19810333,40.81312027,39.48289947,52.42215,52.42215,72.97142601,52.42215,86.63234456,66.16334534,87.74480874,86.6394904,80.12306649,80.28415244,83.607,87.08835166,90.61279624,70.87480327,85.97679574,79.07433755
19,Kerala,14-09-2012 00:00,2012,38,18.5881691,76.2602222,32,30.78142875,20.8485715,72.35053507,5.016666667,73.05408042,20.8485715,23.44285747,23.88285719,24.23000009,22.3485715,22.76782,22.65857152,22.90857152,22.63571412,22.57857159,5.016666667,14.1,5.857142857,6.2,1.25,0,14.54,24.85714286,18.6,47.77142857,30.78142875,31.50714275,32.2971423,33.27714266,31.35428565,31.1029,30.16285706,30.38142858,32.96142905,28.78428541,72.35053507,60.78344192,66.19810333,40.81312027,39.48289947,52.42215,52.42215,72.97142601,52.42215,86.63234456,73.05408042,87.74480874,86.6394904,80.12306649,80.28415244,83.607,87.08835166,90.61279624,70.87480327,85.97679574
20,Kerala,22-02-2013 00:00,2013,10,9.6084369,77.17268,27,31.96285738,23.43999999,23.53252831,1.6,81.88492257,23.43999999,20.8485715,23.44285747,23.88285719,24.23000009,22.3485715,22.76782,22.65857152,22.90857152,22.63571412,1.6,5.016666667,14.1,5.857142857,6.2,1.25,0,14.54,24.85714286,18.6,31.96285738,30.78142875,31.50714275,32.2971423,33.27714266,31.35428565,31.1029,30.16285706,30.38142858,32.96142905,23.53252831,72.35053507,60.78344192,66.19810333,40.81312027,39.48289947,52.42215,52.42215,72.97142601,52.42215,81.88492257,73.05408042,87.74480874,86.6394904,80.12306649,80.28415244,83.607,87.08835166,90.61279624,70.87480327
21,Kerala,03-03-2013 00:00,2013,10,8.8780187,76.6441591,20,31.19571468,23.75428554,52.42215,0.3,73.98183441,23.75428554,23.43999999,20.8485715,23.44285747,23.88285719,24.23000009,22.3485715,22.76782,22.65857152,22.90857152,0.3,1.6,5.016666667,14.1,5.857142857,6.2,1.25,0,14.54,24.85714286,31.19571468,31.96285738,30.78142875,31.50714275,32.2971423,33.27714266,31.35428565,31.1029,30.16285706,30.38142858,52.42215,23.53252831,72.35053507,60.78344192,66.19810333,40.81312027,39.48289947,52.42215,52.42215,72.97142601,73.98183441,81.88492257,73.05408042,87.74480874,86.6394904,80.12306649,80.28415244,83.607,87.08835166,90.61279624
22,Kerala,16-03-2012 00:00,2013,13,10.0118522,76.9582442,22,34.0142855,23.81285667,29.90596867,9.966666667,75.04726955,23.81285667,23.75428554,23.43999999,20.8485715,23.44285747,23.88285719,24.23000009,22.3485715,22.76782,22.65857152,9.966666667,0.3,1.6,5.016666667,14.1,5.857142857,6.2,1.25,0,14.54,34.0142855,31.19571468,31.96285738,30.78142875,31.50714275,32.2971423,33.27714266,31.35428565,31.1029,30.16285706,29.90596867,52.42215,23.53252831,72.35053507,60.78344192,66.19810333,40.81312027,39.48289947,52.42215,52.42215,75.04726955,73.98183441,81.88492257,73.05408042,87.74480874,86.6394904,80.12306649,80.28415244,83.607,87.08835166
23,Kerala,03-03-2013 00:00,2013,14,9.9188973,77.1024902,11,34.49857221,24.82142884,17.08004046,6.533333333,78.1125739,24.82142884,23.81285667,23.75428554,23.43999999,20.8485715,23.44285747,23.88285719,24.23000009,22.3485715,22.76782,6.533333333,9.966666667,0.3,1.6,5.016666667,14.1,5.857142857,6.2,1.25,0,34.49857221,34.0142855,31.19571468,31.96285738,30.78142875,31.50714275,32.2971423,33.27714266,31.35428565,31.1029,17.08004046,29.90596867,52.42215,23.53252831,72.35053507,60.78344192,66.19810333,40.81312027,39.48289947,52.42215,78.1125739,75.04726955,73.98183441,81.88492257,73.05408042,87.74480874,86.6394904,80.12306649,80.28415244,83.607
24,Kerala,06-04-2013 00:00,2013,20,9.9188973,77.1024902,15,33.83428574,24.61285727,35.0358607,3,76.49113791,24.61285727,24.82142884,23.81285667,23.75428554,23.43999999,20.8485715,23.44285747,23.88285719,24.23000009,22.3485715,3,6.533333333,9.966666667,0.3,1.6,5.016666667,14.1,5.857142857,6.2,1.25,33.83428574,34.49857221,34.0142855,31.19571468,31.96285738,30.78142875,31.50714275,32.2971423,33.27714266,31.35428565,35.0358607,17.08004046,29.90596867,52.42215,23.53252831,72.35053507,60.78344192,66.19810333,40.81312027,39.48289947,76.49113791,78.1125739,75.04726955,73.98183441,81.88492257,73.05408042,87.74480874,86.6394904,80.12306649,80.28415244
25,Kerala,23-03-2013 00:00,2013,20,10.7998004,76.3357128,64,31.1029,22.76782,17.27614651,14.75,62.49988065,22.76782,24.61285727,24.82142884,23.81285667,23.75428554,23.43999999,20.8485715,23.44285747,23.88285719,24.23000009,14.75,3,6.533333333,9.966666667,0.3,1.6,5.016666667,14.1,5.857142857,6.2,31.1029,33.83428574,34.49857221,34.0142855,31.19571468,31.96285738,30.78142875,31.50714275,32.2971423,33.27714266,17.27614651,35.0358607,17.08004046,29.90596867,52.42215,23.53252831,72.35053507,60.78344192,66.19810333,40.81312027,62.49988065,76.49113791,78.1125739,75.04726955,73.98183441,81.88492257,73.05408042,87.74480874,86.6394904,80.12306649
26,Kerala,04-04-2013 00:00,2013,22,9.4833528,76.3314745,16,31.1029,22.76782,52.42215,0,83.607,22.76782,22.76782,24.61285727,24.82142884,23.81285667,23.75428554,23.43999999,20.8485715,23.44285747,23.88285719,0,14.75,3,6.533333333,9.966666667,0.3,1.6,5.016666667,14.1,5.857142857,31.1029,31.1029,33.83428574,34.49857221,34.0142855,31.19571468,31.96285738,30.78142875,31.50714275,32.2971423,52.42215,17.27614651,35.0358607,17.08004046,29.90596867,52.42215,23.53252831,72.35053507,60.78344192,66.19810333,83.607,62.49988065,76.49113791,78.1125739,75.04726955,73.98183441,81.88492257,73.05408042,87.74480874,86.6394904
27,Kerala,11-06-2013 00:00,2013,25,8.8123488,76.7588672,15,28.73571423,22.82142857,52.42215,28.85714286,90.70646123,22.82142857,22.76782,22.76782,24.61285727,24.82142884,23.81285667,23.75428554,23.43999999,20.8485715,23.44285747,28.85714286,0,14.75,3,6.533333333,9.966666667,0.3,1.6,5.016666667,14.1,28.73571423,31.1029,31.1029,33.83428574,34.49857221,34.0142855,31.19571468,31.96285738,30.78142875,31.50714275,52.42215,52.42215,17.27614651,35.0358607,17.08004046,29.90596867,52.42215,23.53252831,72.35053507,60.78344192,90.70646123,83.607,62.49988065,76.49113791,78.1125739,75.04726955,73.98183441,81.88492257,73.05408042,87.74480874
28,Kerala,24-06-2013 00:00,2013,27,10.6388239,76.6557102,16,27.17571422,19.76142829,72.88278071,19.5,89.52388328,19.76142829,22.82142857,22.76782,22.76782,24.61285727,24.82142884,23.81285667,23.75428554,23.43999999,20.8485715,19.5,28.85714286,0,14.75,3,6.533333333,9.966666667,0.3,1.6,5.016666667,27.17571422,28.73571423,31.1029,31.1029,33.83428574,34.49857221,34.0142855,31.19571468,31.96285738,30.78142875,72.88278071,52.42215,52.42215,17.27614651,35.0358607,17.08004046,29.90596867,52.42215,23.53252831,72.35053507,89.52388328,90.70646123,83.607,62.49988065,76.49113791,78.1125739,75.04726955,73.98183441,81.88492257,73.05408042
29,Kerala,28-06-2013 00:00,2013,28,10.6772528,76.6859968,18,26.32142857,19.69285692,86.78934173,12.64285714,90.93251365,19.69285692,19.76142829,22.82142857,22.76782,22.76782,24.61285727,24.82142884,23.81285667,23.75428554,23.43999999,12.64285714,19.5,28.85714286,0,14.75,3,6.533333333,9.966666667,0.3,1.6,26.32142857,27.17571422,28.73571423,31.1029,31.1029,33.83428574,34.49857221,34.0142855,31.19571468,31.96285738,86.78934173,72.88278071,52.42215,52.42215,17.27614651,35.0358607,17.08004046,29.90596867,52.42215,23.53252831,90.93251365,89.52388328,90.70646123,83.607,62.49988065,76.49113791,78.1125739,75.04726955,73.98183441,81.88492257
30,Kerala,17-03-2014 00:00,2014,15,9.4464941,76.5402167,13,33.87571444,23.73428563,52.42215,17.78,74.39081682,23.73428563,19.69285692,19.76142829,22.82142857,22.76782,22.76782,24.61285727,24.82142884,23.81285667,23.75428554,17.78,12.64285714,19.5,28.85714286,0,14.75,3,6.533333333,9.966666667,0.3,33.87571444,26.32142857,27.17571422,28.73571423,31.1029,31.1029,33.83428574,34.49857221,34.0142855,31.19571468,52.42215,86.78934173,72.88278071,52.42215,52.42215,17.27614651,35.0358607,17.08004046,29.90596867,52.42215,74.39081682,90.93251365,89.52388328,90.70646123,83.607,62.49988065,76.49113791,78.1125739,75.04726955,73.98183441
31,Kerala,09-03-2014 00:00,2014,19,10.7674438,76.7625073,15,29.06714276,20.92571449,67.02089628,11.02,80.93418557,20.92571449,23.73428563,19.69285692,19.76142829,22.82142857,22.76782,22.76782,24.61285727,24.82142884,23.81285667,11.02,17.78,12.64285714,19.5,28.85714286,0,14.75,3,6.533333333,9.966666667,29.06714276,33.87571444,26.32142857,27.17571422,28.73571423,31.1029,31.1029,33.83428574,34.49857221,34.0142855,67.02089628,52.42215,86.78934173,72.88278071,52.42215,52.42215,17.27614651,35.0358607,17.08004046,29.90596867,80.93418557,74.39081682,90.93251365,89.52388328,90.70646123,83.607,62.49988065,76.49113791,78.1125739,75.04726955
32,Kerala,12-10-2015 00:00,2015,4,10.7933703,76.0278499,13,31.1029,22.76782,52.42215,0,62.07590158,22.76782,20.92571449,23.73428563,19.69285692,19.76142829,22.82142857,22.76782,22.76782,24.61285727,24.82142884,0,11.02,17.78,12.64285714,19.5,28.85714286,0,14.75,3,6.533333333,31.1029,29.06714276,33.87571444,26.32142857,27.17571422,28.73571423,31.1029,31.1029,33.83428574,34.49857221,52.42215,67.02089628,52.42215,86.78934173,72.88278071,52.42215,52.42215,17.27614651,35.0358607,17.08004046,62.07590158,80.93418557,74.39081682,90.93251365,89.52388328,90.70646123,83.607,62.49988065,76.49113791,78.1125739
33,Kerala,27-02-2015 00:00,2015,13,10.9444634,75.9820935,20,31.1029,22.76782,52.42215,0,73.4050293,22.76782,22.76782,20.92571449,23.73428563,19.69285692,19.76142829,22.82142857,22.76782,22.76782,24.61285727,0,0,11.02,17.78,12.64285714,19.5,28.85714286,0,14.75,3,31.1029,31.1029,29.06714276,33.87571444,26.32142857,27.17571422,28.73571423,31.1029,31.1029,33.83428574,52.42215,52.42215,67.02089628,52.42215,86.78934173,72.88278071,52.42215,52.42215,17.27614651,35.0358607,73.4050293,62.07590158,80.93418557,74.39081682,90.93251365,89.52388328,90.70646123,83.607,62.49988065,76.49113791
34,Kerala,26-03-2015 00:00,2015,14,9.6679,76.5329523,18,33.72285679,24.1699998,52.42215,14.72,75.88301958,24.1699998,22.76782,22.76782,20.92571449,23.73428563,19.69285692,19.76142829,22.82142857,22.76782,22.76782,14.72,0,0,11.02,17.78,12.64285714,19.5,28.85714286,0,14.75,33.72285679,31.1029,31.1029,29.06714276,33.87571444,26.32142857,27.17571422,28.73571423,31.1029,31.1029,52.42215,52.42215,52.42215,67.02089628,52.42215,86.78934173,72.88278071,52.42215,52.42215,17.27614651,75.88301958,73.4050293,62.07590158,80.93418557,74.39081682,90.93251365,89.52388328,90.70646123,83.607,62.49988065
35,Kerala,26-03-2015 00:00,2015,17,9.6679,76.5329523,29,32.33142853,23.02571406,52.42215,12.88,83.38136509,23.02571406,24.1699998,22.76782,22.76782,20.92571449,23.73428563,19.69285692,19.76142829,22.82142857,22.76782,12.88,14.72,0,0,11.02,17.78,12.64285714,19.5,28.85714286,0,32.33142853,33.72285679,31.1029,31.1029,29.06714276,33.87571444,26.32142857,27.17571422,28.73571423,31.1029,52.42215,52.42215,52.42215,52.42215,67.02089628,52.42215,86.78934173,72.88278071,52.42215,52.42215,83.38136509,75.88301958,73.4050293,62.07590158,80.93418557,74.39081682,90.93251365,89.52388328,90.70646123,83.607
36,Kerala,21-04-2015 00:00,2015,19,11.3212492,75.996346,11,29.83285713,21.25571414,26.44834932,12.52857143,86.05036817,21.25571414,23.02571406,24.1699998,22.76782,22.76782,20.92571449,23.73428563,19.69285692,19.76142829,22.82142857,12.52857143,12.88,14.72,0,0,11.02,17.78,12.64285714,19.5,28.85714286,29.83285713,32.33142853,33.72285679,31.1029,31.1029,29.06714276,33.87571444,26.32142857,27.17571422,28.73571423,26.44834932,52.42215,52.42215,52.42215,52.42215,67.02089628,52.42215,86.78934173,72.88278071,52.42215,86.05036817,83.38136509,75.88301958,73.4050293,62.07590158,80.93418557,74.39081682,90.93251365,89.52388328,90.70646123
37,Kerala,21-04-2015 00:00,2015,19,9.2677634,76.8057776,10,30.24000032,23.71142878,62.05516434,5.042857143,90.76316724,23.71142878,21.25571414,23.02571406,24.1699998,22.76782,22.76782,20.92571449,23.73428563,19.69285692,19.76142829,5.042857143,12.52857143,12.88,14.72,0,0,11.02,17.78,12.64285714,19.5,30.24000032,29.83285713,32.33142853,33.72285679,31.1029,31.1029,29.06714276,33.87571444,26.32142857,27.17571422,62.05516434,26.44834932,52.42215,52.42215,52.42215,52.42215,67.02089628,52.42215,86.78934173,72.88278071,90.76316724,86.05036817,83.38136509,75.88301958,73.4050293,62.07590158,80.93418557,74.39081682,90.93251365,89.52388328
38,Kerala,28-04-2015 00:00,2015,21,11.1118499,76.3420206,17,31.1029,22.76782,45.80065307,0.1,77.27654484,22.76782,23.71142878,21.25571414,23.02571406,24.1699998,22.76782,22.76782,20.92571449,23.73428563,19.69285692,0.1,5.042857143,12.52857143,12.88,14.72,0,0,11.02,17.78,12.64285714,31.1029,30.24000032,29.83285713,32.33142853,33.72285679,31.1029,31.1029,29.06714276,33.87571444,26.32142857,45.80065307,62.05516434,26.44834932,52.42215,52.42215,52.42215,52.42215,67.02089628,52.42215,86.78934173,77.27654484,90.76316724,86.05036817,83.38136509,75.88301958,73.4050293,62.07590158,80.93418557,74.39081682,90.93251365
39,Kerala,28-03-2015 00:00,2015,22,12.2240691,75.3033168,41,31.1029,22.76782,52.42215,11.8,81.26386697,22.76782,22.76782,23.71142878,21.25571414,23.02571406,24.1699998,22.76782,22.76782,20.92571449,23.73428563,11.8,0.1,5.042857143,12.52857143,12.88,14.72,0,0,11.02,17.78,31.1029,31.1029,30.24000032,29.83285713,32.33142853,33.72285679,31.1029,31.1029,29.06714276,33.87571444,52.42215,45.80065307,62.05516434,26.44834932,52.42215,52.42215,52.42215,52.42215,67.02089628,52.42215,81.26386697,77.27654484,90.76316724,86.05036817,83.38136509,75.88301958,73.4050293,62.07590158,80.93418557,74.39081682
40,Kerala,04-05-2015 00:00,2015,22,11.1734548,75.8352429,24,31.1029,22.76782,52.42215,3.46,81.88458906,22.76782,22.76782,22.76782,23.71142878,21.25571414,23.02571406,24.1699998,22.76782,22.76782,20.92571449,3.46,11.8,0.1,5.042857143,12.52857143,12.88,14.72,0,0,11.02,31.1029,31.1029,31.1029,30.24000032,29.83285713,32.33142853,33.72285679,31.1029,31.1029,29.06714276,52.42215,52.42215,45.80065307,62.05516434,26.44834932,52.42215,52.42215,52.42215,52.42215,67.02089628,81.88458906,81.26386697,77.27654484,90.76316724,86.05036817,83.38136509,75.88301958,73.4050293,62.07590158,80.93418557
41,Kerala,02-04-2015 00:00,2015,23,9.8363826,76.8566728,16,31.02142879,23.37428556,61.60613823,7.016666667,89.15852356,23.37428556,22.76782,22.76782,22.76782,23.71142878,21.25571414,23.02571406,24.1699998,22.76782,22.76782,7.016666667,3.46,11.8,0.1,5.042857143,12.52857143,12.88,14.72,0,0,31.02142879,31.1029,31.1029,31.1029,30.24000032,29.83285713,32.33142853,33.72285679,31.1029,31.1029,61.60613823,52.42215,52.42215,45.80065307,62.05516434,26.44834932,52.42215,52.42215,52.42215,52.42215,89.15852356,81.88458906,81.26386697,77.27654484,90.76316724,86.05036817,83.38136509,75.88301958,73.4050293,62.07590158
42,Kerala,01-06-2015 00:00,2015,23,12.571051,75.1107052,33,31.1029,22.76782,52.42215,12.78333333,84.21972111,22.76782,23.37428556,22.76782,22.76782,22.76782,23.71142878,21.25571414,23.02571406,24.1699998,22.76782,12.78333333,7.016666667,3.46,11.8,0.1,5.042857143,12.52857143,12.88,14.72,0,31.1029,31.02142879,31.1029,31.1029,31.1029,30.24000032,29.83285713,32.33142853,33.72285679,31.1029,52.42215,61.60613823,52.42215,52.42215,45.80065307,62.05516434,26.44834932,52.42215,52.42215,52.42215,84.21972111,89.15852356,81.88458906,81.26386697,77.27654484,90.76316724,86.05036817,83.38136509,75.88301958,73.4050293
43,Kerala,16-05-2015 00:00,2015,24,9.9397034,76.9354979,11,30.62714277,23.09857123,51.07691574,7.383333333,94.01398468,23.09857123,22.76782,23.37428556,22.76782,22.76782,22.76782,23.71142878,21.25571414,23.02571406,24.1699998,7.383333333,12.78333333,7.016666667,3.46,11.8,0.1,5.042857143,12.52857143,12.88,14.72,30.62714277,31.1029,31.02142879,31.1029,31.1029,31.1029,30.24000032,29.83285713,32.33142853,33.72285679,51.07691574,52.42215,61.60613823,52.42215,52.42215,45.80065307,62.05516434,26.44834932,52.42215,52.42215,94.01398468,84.21972111,89.15852356,81.88458906,81.26386697,77.27654484,90.76316724,86.05036817,83.38136509,75.88301958
44,Kerala,15-05-2015 00:00,2015,25,10.0644787,76.405687,14,29.78999983,23.37285696,68.57952042,22.18571429,89.59472874,23.37285696,23.09857123,22.76782,23.37428556,22.76782,22.76782,22.76782,23.71142878,21.25571414,23.02571406,22.18571429,7.383333333,12.78333333,7.016666667,3.46,11.8,0.1,5.042857143,12.52857143,12.88,29.78999983,30.62714277,31.1029,31.02142879,31.1029,31.1029,31.1029,30.24000032,29.83285713,32.33142853,68.57952042,51.07691574,52.42215,61.60613823,52.42215,52.42215,45.80065307,62.05516434,26.44834932,52.42215,89.59472874,94.01398468,84.21972111,89.15852356,81.88458906,81.26386697,77.27654484,90.76316724,86.05036817,83.38136509
45,Kerala,16-06-2015 00:00,2015,26,9.8489141,76.4544209,18,30.32857132,22.80142866,52.42215,30.02857143,88.74496133,22.80142866,23.37285696,23.09857123,22.76782,23.37428556,22.76782,22.76782,22.76782,23.71142878,21.25571414,30.02857143,22.18571429,7.383333333,12.78333333,7.016666667,3.46,11.8,0.1,5.042857143,12.52857143,30.32857132,29.78999983,30.62714277,31.1029,31.02142879,31.1029,31.1029,31.1029,30.24000032,29.83285713,52.42215,68.57952042,51.07691574,52.42215,61.60613823,52.42215,52.42215,45.80065307,62.05516434,26.44834932,88.74496133,89.59472874,94.01398468,84.21972111,89.15852356,81.88458906,81.26386697,77.27654484,90.76316724,86.05036817
46,Kerala,19-05-2015 00:00,2015,26,11.1955096,76.2360376,15,28.17000008,21.10000038,80.39247131,34.77142857,90.8476399,21.10000038,22.80142866,23.37285696,23.09857123,22.76782,23.37428556,22.76782,22.76782,22.76782,23.71142878,34.77142857,30.02857143,22.18571429,7.383333333,12.78333333,7.016666667,3.46,11.8,0.1,5.042857143,28.17000008,30.32857132,29.78999983,30.62714277,31.1029,31.02142879,31.1029,31.1029,31.1029,30.24000032,80.39247131,52.42215,68.57952042,51.07691574,52.42215,61.60613823,52.42215,52.42215,45.80065307,62.05516434,90.8476399,88.74496133,89.59472874,94.01398468,84.21972111,89.15852356,81.88458906,81.26386697,77.27654484,90.76316724
47,Kerala,26-03-2015 00:00,2015,27,10.2218391,76.4071336,18,31.50857162,23.40857124,55.83479818,10.17142857,86.14285387,23.40857124,21.10000038,22.80142866,23.37285696,23.09857123,22.76782,23.37428556,22.76782,22.76782,22.76782,10.17142857,34.77142857,30.02857143,22.18571429,7.383333333,12.78333333,7.016666667,3.46,11.8,0.1,31.50857162,28.17000008,30.32857132,29.78999983,30.62714277,31.1029,31.02142879,31.1029,31.1029,31.1029,55.83479818,80.39247131,52.42215,68.57952042,51.07691574,52.42215,61.60613823,52.42215,52.42215,45.80065307,86.14285387,90.8476399,88.74496133,89.59472874,94.01398468,84.21972111,89.15852356,81.88458906,81.26386697,77.27654484
48,Kerala,04-05-2015 00:00,2015,27,11.1839529,75.8437724,24,31.1029,22.76782,52.42215,6.885714286,82.73474121,22.76782,23.40857124,21.10000038,22.80142866,23.37285696,23.09857123,22.76782,23.37428556,22.76782,22.76782,6.885714286,10.17142857,34.77142857,30.02857143,22.18571429,7.383333333,12.78333333,7.016666667,3.46,11.8,31.1029,31.50857162,28.17000008,30.32857132,29.78999983,30.62714277,31.1029,31.02142879,31.1029,31.1029,52.42215,55.83479818,80.39247131,52.42215,68.57952042,51.07691574,52.42215,61.60613823,52.42215,52.42215,82.73474121,86.14285387,90.8476399,88.74496133,89.59472874,94.01398468,84.21972111,89.15852356,81.88458906,81.26386697
49,Kerala,19-06-2015 00:00,2015,27,11.0586827,76.35794,42,31.1029,22.76782,62.76292038,5.4,85.40791866,22.76782,22.76782,23.40857124,21.10000038,22.80142866,23.37285696,23.09857123,22.76782,23.37428556,22.76782,5.4,6.885714286,10.17142857,34.77142857,30.02857143,22.18571429,7.383333333,12.78333333,7.016666667,3.46,31.1029,31.1029,31.50857162,28.17000008,30.32857132,29.78999983,30.62714277,31.1029,31.02142879,31.1029,62.76292038,52.42215,55.83479818,80.39247131,52.42215,68.57952042,51.07691574,52.42215,61.60613823,52.42215,85.40791866,82.73474121,86.14285387,90.8476399,88.74496133,89.59472874,94.01398468,84.21972111,89.15852356,81.88458906
50,Kerala,29-06-2015 00:00,2015,29,10.1198255,76.5863882,25,29.09428542,22.69857134,80.87336731,19.05714286,96.66009739,22.69857134,22.76782,22.76782,23.40857124,21.10000038,22.80142866,23.37285696,23.09857123,22.76782,23.37428556,19.05714286,5.4,6.885714286,10.17142857,34.77142857,30.02857143,22.18571429,7.383333333,12.78333333,7.016666667,29.09428542,31.1029,31.1029,31.50857162,28.17000008,30.32857132,29.78999983,30.62714277,31.1029,31.02142879,80.87336731,62.76292038,52.42215,55.83479818,80.39247131,52.42215,68.57952042,51.07691574,52.42215,61.60613823,96.66009739,85.40791866,82.73474121,86.14285387,90.8476399,88.74496133,89.59472874,94.01398468,84.21972111,89.15852356
51,Kerala,30-06-2015 00:00,2015,30,11.0113242,76.3492569,34,31.1029,22.76782,73.36999283,9.566666667,89.4068124,22.76782,22.69857134,22.76782,22.76782,23.40857124,21.10000038,22.80142866,23.37285696,23.09857123,22.76782,9.566666667,19.05714286,5.4,6.885714286,10.17142857,34.77142857,30.02857143,22.18571429,7.383333333,12.78333333,31.1029,29.09428542,31.1029,31.1029,31.50857162,28.17000008,30.32857132,29.78999983,30.62714277,31.1029,73.36999283,80.87336731,62.76292038,52.42215,55.83479818,80.39247131,52.42215,68.57952042,51.07691574,52.42215,89.4068124,96.66009739,85.40791866,82.73474121,86.14285387,90.8476399,88.74496133,89.59472874,94.01398468,84.21972111
52,Kerala,04-10-2015 00:00,2015,46,10.6443673,76.7787742,10,26.57142803,19.54999978,60.63950857,6.1,85.66706412,19.54999978,22.76782,22.69857134,22.76782,22.76782,23.40857124,21.10000038,22.80142866,23.37285696,23.09857123,6.1,9.566666667,19.05714286,5.4,6.885714286,10.17142857,34.77142857,30.02857143,22.18571429,7.383333333,26.57142803,31.1029,29.09428542,31.1029,31.1029,31.50857162,28.17000008,30.32857132,29.78999983,30.62714277,60.63950857,73.36999283,80.87336731,62.76292038,52.42215,55.83479818,80.39247131,52.42215,68.57952042,51.07691574,85.66706412,89.4068124,96.66009739,85.40791866,82.73474121,86.14285387,90.8476399,88.74496133,89.59472874,94.01398468
53,Kerala,01-04-2016 00:00,2016,6,10.7848061,76.7074054,25,30.40999985,18.71285684,14.73032475,0,62.00065286,18.71285684,19.54999978,22.76782,22.69857134,22.76782,22.76782,23.40857124,21.10000038,22.80142866,23.37285696,0,6.1,9.566666667,19.05714286,5.4,6.885714286,10.17142857,34.77142857,30.02857143,22.18571429,30.40999985,26.57142803,31.1029,29.09428542,31.1029,31.1029,31.50857162,28.17000008,30.32857132,29.78999983,14.73032475,60.63950857,73.36999283,80.87336731,62.76292038,52.42215,55.83479818,80.39247131,52.42215,68.57952042,62.00065286,85.66706412,89.4068124,96.66009739,85.40791866,82.73474121,86.14285387,90.8476399,88.74496133,89.59472874
54,Kerala,12-02-2016 00:00,2016,12,9.9775616,76.8216396,14,35.32000024,24.7642855,26.78573009,0.55,69.40061188,24.7642855,18.71285684,19.54999978,22.76782,22.69857134,22.76782,22.76782,23.40857124,21.10000038,22.80142866,0.55,0,6.1,9.566666667,19.05714286,5.4,6.885714286,10.17142857,34.77142857,30.02857143,35.32000024,30.40999985,26.57142803,31.1029,29.09428542,31.1029,31.1029,31.50857162,28.17000008,30.32857132,26.78573009,14.73032475,60.63950857,73.36999283,80.87336731,62.76292038,52.42215,55.83479818,80.39247131,52.42215,69.40061188,62.00065286,85.66706412,89.4068124,96.66009739,85.40791866,82.73474121,86.14285387,90.8476399,88.74496133
55,Kerala,22-02-2016 00:00,2016,12,11.0258472,76.0672864,14,31.1029,22.76782,22.16795731,0.3,72.0775092,22.76782,24.7642855,18.71285684,19.54999978,22.76782,22.69857134,22.76782,22.76782,23.40857124,21.10000038,0.3,0.55,0,6.1,9.566666667,19.05714286,5.4,6.885714286,10.17142857,34.77142857,31.1029,35.32000024,30.40999985,26.57142803,31.1029,29.09428542,31.1029,31.1029,31.50857162,28.17000008,22.16795731,26.78573009,14.73032475,60.63950857,73.36999283,80.87336731,62.76292038,52.42215,55.83479818,80.39247131,72.0775092,69.40061188,62.00065286,85.66706412,89.4068124,96.66009739,85.40791866,82.73474121,86.14285387,90.8476399
56,Kerala,04-08-2016 00:00,2016,19,9.2994858,76.7316025,15,33.76571437,24.975714,49.8780583,10.74285714,80.70727866,24.975714,22.76782,24.7642855,18.71285684,19.54999978,22.76782,22.69857134,22.76782,22.76782,23.40857124,10.74285714,0.3,0.55,0,6.1,9.566666667,19.05714286,5.4,6.885714286,10.17142857,33.76571437,31.1029,35.32000024,30.40999985,26.57142803,31.1029,29.09428542,31.1029,31.1029,31.50857162,49.8780583,22.16795731,26.78573009,14.73032475,60.63950857,73.36999283,80.87336731,62.76292038,52.42215,55.83479818,80.70727866,72.0775092,69.40061188,62.00065286,85.66706412,89.4068124,96.66009739,85.40791866,82.73474121,86.14285387
57,Kerala,16-04-2016 00:00,2016,20,9.855775,76.3399544,10,31.1029,22.76782,52.42215,13.7,84.97343445,22.76782,24.975714,22.76782,24.7642855,18.71285684,19.54999978,22.76782,22.69857134,22.76782,22.76782,13.7,10.74285714,0.3,0.55,0,6.1,9.566666667,19.05714286,5.4,6.885714286,31.1029,33.76571437,31.1029,35.32000024,30.40999985,26.57142803,31.1029,29.09428542,31.1029,31.1029,52.42215,49.8780583,22.16795731,26.78573009,14.73032475,60.63950857,73.36999283,80.87336731,62.76292038,52.42215,84.97343445,80.70727866,72.0775092,69.40061188,62.00065286,85.66706412,89.4068124,96.66009739,85.40791866,82.73474121
58,Kerala,15-04-2016 00:00,2016,20,9.9493859,76.5632726,9,30.56999997,23.46857153,59.99941254,20.27142857,90.30472238,23.46857153,22.76782,24.975714,22.76782,24.7642855,18.71285684,19.54999978,22.76782,22.69857134,22.76782,20.27142857,13.7,10.74285714,0.3,0.55,0,6.1,9.566666667,19.05714286,5.4,30.56999997,31.1029,33.76571437,31.1029,35.32000024,30.40999985,26.57142803,31.1029,29.09428542,31.1029,59.99941254,52.42215,49.8780583,22.16795731,26.78573009,14.73032475,60.63950857,73.36999283,80.87336731,62.76292038,90.30472238,84.97343445,80.70727866,72.0775092,69.40061188,62.00065286,85.66706412,89.4068124,96.66009739,85.40791866
59,Kerala,05-06-2016 00:00,2016,20,8.928877,76.9829961,11,30.42714228,23.90857152,82.0454979,31.95714286,92.95836857,23.90857152,23.46857153,22.76782,24.975714,22.76782,24.7642855,18.71285684,19.54999978,22.76782,22.69857134,31.95714286,20.27142857,13.7,10.74285714,0.3,0.55,0,6.1,9.566666667,19.05714286,30.42714228,30.56999997,31.1029,33.76571437,31.1029,35.32000024,30.40999985,26.57142803,31.1029,29.09428542,82.0454979,59.99941254,52.42215,49.8780583,22.16795731,26.78573009,14.73032475,60.63950857,73.36999283,80.87336731,92.95836857,90.30472238,84.97343445,80.70727866,72.0775092,69.40061188,62.00065286,85.66706412,89.4068124,96.66009739
60,Kerala,20-04-2016 00:00,2016,20,11.3598797,75.9180593,22,30.22142846,21.90428598,36.08595292,4.633333333,81.63303484,21.90428598,23.90857152,23.46857153,22.76782,24.975714,22.76782,24.7642855,18.71285684,19.54999978,22.76782,4.633333333,31.95714286,20.27142857,13.7,10.74285714,0.3,0.55,0,6.1,9.566666667,30.22142846,30.42714228,30.56999997,31.1029,33.76571437,31.1029,35.32000024,30.40999985,26.57142803,31.1029,36.08595292,82.0454979,59.99941254,52.42215,49.8780583,22.16795731,26.78573009,14.73032475,60.63950857,73.36999283,81.63303484,92.95836857,90.30472238,84.97343445,80.70727866,72.0775092,69.40061188,62.00065286,85.66706412,89.4068124
61,Kerala,22-04-2016 00:00,2016,22,10.1913942,76.3883726,16,32.10571398,23.6699998,64.50625556,14.94285714,92.09643663,23.6699998,21.90428598,23.90857152,23.46857153,22.76782,24.975714,22.76782,24.7642855,18.71285684,19.54999978,14.94285714,4.633333333,31.95714286,20.27142857,13.7,10.74285714,0.3,0.55,0,6.1,32.10571398,30.22142846,30.42714228,30.56999997,31.1029,33.76571437,31.1029,35.32000024,30.40999985,26.57142803,64.50625556,36.08595292,82.0454979,59.99941254,52.42215,49.8780583,22.16795731,26.78573009,14.73032475,60.63950857,92.09643663,81.63303484,92.95836857,90.30472238,84.97343445,80.70727866,72.0775092,69.40061188,62.00065286,85.66706412
62,Kerala,23-05-2016 00:00,2016,22,9.956033,76.5598861,9,32.10571398,23.6699998,71.44248744,26.11428571,92.93107169,23.6699998,23.6699998,21.90428598,23.90857152,23.46857153,22.76782,24.975714,22.76782,24.7642855,18.71285684,26.11428571,14.94285714,4.633333333,31.95714286,20.27142857,13.7,10.74285714,0.3,0.55,0,32.10571398,32.10571398,30.22142846,30.42714228,30.56999997,31.1029,33.76571437,31.1029,35.32000024,30.40999985,71.44248744,64.50625556,36.08595292,82.0454979,59.99941254,52.42215,49.8780583,22.16795731,26.78573009,14.73032475,92.93107169,92.09643663,81.63303484,92.95836857,90.30472238,84.97343445,80.70727866,72.0775092,69.40061188,62.00065286
63,Kerala,19-05-2016 00:00,2016,22,10.011406,76.955369,29,32.10571398,23.6699998,62.40989631,10.74285714,93.2270159,23.6699998,23.6699998,23.6699998,21.90428598,23.90857152,23.46857153,22.76782,24.975714,22.76782,24.7642855,10.74285714,26.11428571,14.94285714,4.633333333,31.95714286,20.27142857,13.7,10.74285714,0.3,0.55,32.10571398,32.10571398,32.10571398,30.22142846,30.42714228,30.56999997,31.1029,33.76571437,31.1029,35.32000024,62.40989631,71.44248744,64.50625556,36.08595292,82.0454979,59.99941254,52.42215,49.8780583,22.16795731,26.78573009,93.2270159,92.93107169,92.09643663,81.63303484,92.95836857,90.30472238,84.97343445,80.70727866,72.0775092,69.40061188
64,Kerala,05-02-2016 00:00,2016,22,8.9908056,76.5404387,13,31.1029,22.76782,52.42215,10.71428571,83.87433733,22.76782,23.6699998,23.6699998,23.6699998,21.90428598,23.90857152,23.46857153,22.76782,24.975714,22.76782,10.71428571,10.74285714,26.11428571,14.94285714,4.633333333,31.95714286,20.27142857,13.7,10.74285714,0.3,31.1029,32.10571398,32.10571398,32.10571398,30.22142846,30.42714228,30.56999997,31.1029,33.76571437,31.1029,52.42215,62.40989631,71.44248744,64.50625556,36.08595292,82.0454979,59.99941254,52.42215,49.8780583,22.16795731,83.87433733,93.2270159,92.93107169,92.09643663,81.63303484,92.95836857,90.30472238,84.97343445,80.70727866,72.0775092
65,Kerala,20-05-2016 00:00,2016,23,10.1825988,76.4505243,12,30.66142845,23.54857145,67.73355484,19.18333333,94.19116429,23.54857145,22.76782,23.6699998,23.6699998,23.6699998,21.90428598,23.90857152,23.46857153,22.76782,24.975714,19.18333333,10.71428571,10.74285714,26.11428571,14.94285714,4.633333333,31.95714286,20.27142857,13.7,10.74285714,30.66142845,31.1029,32.10571398,32.10571398,32.10571398,30.22142846,30.42714228,30.56999997,31.1029,33.76571437,67.73355484,52.42215,62.40989631,71.44248744,64.50625556,36.08595292,82.0454979,59.99941254,52.42215,49.8780583,94.19116429,83.87433733,93.2270159,92.93107169,92.09643663,81.63303484,92.95836857,90.30472238,84.97343445,80.70727866
66,Kerala,06-09-2016 00:00,2016,24,8.9667187,77.0689933,119,30.93428557,23.47142873,75.40907924,20.08333333,91.87947628,23.47142873,23.54857145,22.76782,23.6699998,23.6699998,23.6699998,21.90428598,23.90857152,23.46857153,22.76782,20.08333333,19.18333333,10.71428571,10.74285714,26.11428571,14.94285714,4.633333333,31.95714286,20.27142857,13.7,30.93428557,30.66142845,31.1029,32.10571398,32.10571398,32.10571398,30.22142846,30.42714228,30.56999997,31.1029,75.40907924,67.73355484,52.42215,62.40989631,71.44248744,64.50625556,36.08595292,82.0454979,59.99941254,52.42215,91.87947628,94.19116429,83.87433733,93.2270159,92.93107169,92.09643663,81.63303484,92.95836857,90.30472238,84.97343445
67,Kerala,19-05-2016 00:00,2016,25,11.1229689,76.3343994,16,31.1029,22.76782,70.39190674,10.55714286,92.76497214,22.76782,23.47142873,23.54857145,22.76782,23.6699998,23.6699998,23.6699998,21.90428598,23.90857152,23.46857153,10.55714286,20.08333333,19.18333333,10.71428571,10.74285714,26.11428571,14.94285714,4.633333333,31.95714286,20.27142857,31.1029,30.93428557,30.66142845,31.1029,32.10571398,32.10571398,32.10571398,30.22142846,30.42714228,30.56999997,70.39190674,75.40907924,67.73355484,52.42215,62.40989631,71.44248744,64.50625556,36.08595292,82.0454979,59.99941254,92.76497214,91.87947628,94.19116429,83.87433733,93.2270159,92.93107169,92.09643663,81.63303484,92.95836857,90.30472238
68,Kerala,29-06-2016 00:00,2016,27,9.9587909,76.2582549,12,31.1029,22.76782,52.42215,17.78333333,83.607,22.76782,22.76782,23.47142873,23.54857145,22.76782,23.6699998,23.6699998,23.6699998,21.90428598,23.90857152,17.78333333,10.55714286,20.08333333,19.18333333,10.71428571,10.74285714,26.11428571,14.94285714,4.633333333,31.95714286,31.1029,31.1029,30.93428557,30.66142845,31.1029,32.10571398,32.10571398,32.10571398,30.22142846,30.42714228,52.42215,70.39190674,75.40907924,67.73355484,52.42215,62.40989631,71.44248744,64.50625556,36.08595292,82.0454979,83.607,92.76497214,91.87947628,94.19116429,83.87433733,93.2270159,92.93107169,92.09643663,81.63303484,92.95836857
69,Kerala,19-05-2016 00:00,2016,27,11.1956691,76.2281733,16,27.0414287,20.74285725,76.27572632,15.95714286,89.92996216,20.74285725,22.76782,22.76782,23.47142873,23.54857145,22.76782,23.6699998,23.6699998,23.6699998,21.90428598,15.95714286,17.78333333,10.55714286,20.08333333,19.18333333,10.71428571,10.74285714,26.11428571,14.94285714,4.633333333,27.0414287,31.1029,31.1029,30.93428557,30.66142845,31.1029,32.10571398,32.10571398,32.10571398,30.22142846,76.27572632,52.42215,70.39190674,75.40907924,67.73355484,52.42215,62.40989631,71.44248744,64.50625556,36.08595292,89.92996216,83.607,92.76497214,91.87947628,94.19116429,83.87433733,93.2270159,92.93107169,92.09643663,81.63303484
70,Kerala,06-01-2016 00:00,2016,29,11.0475812,76.073024,50,31.1029,22.76782,55.54292145,5.585714286,89.33443233,22.76782,20.74285725,22.76782,22.76782,23.47142873,23.54857145,22.76782,23.6699998,23.6699998,23.6699998,5.585714286,15.95714286,17.78333333,10.55714286,20.08333333,19.18333333,10.71428571,10.74285714,26.11428571,14.94285714,31.1029,27.0414287,31.1029,31.1029,30.93428557,30.66142845,31.1029,32.10571398,32.10571398,32.10571398,55.54292145,76.27572632,52.42215,70.39190674,75.40907924,67.73355484,52.42215,62.40989631,71.44248744,64.50625556,89.33443233,89.92996216,83.607,92.76497214,91.87947628,94.19116429,83.87433733,93.2270159,92.93107169,92.09643663
71,Kerala,06-01-2016 00:00,2016,30,11.1071247,76.0545815,50,31.1029,22.76782,52.95532131,10.38333333,91.8735199,22.76782,22.76782,20.74285725,22.76782,22.76782,23.47142873,23.54857145,22.76782,23.6699998,23.6699998,10.38333333,5.585714286,15.95714286,17.78333333,10.55714286,20.08333333,19.18333333,10.71428571,10.74285714,26.11428571,31.1029,31.1029,27.0414287,31.1029,31.1029,30.93428557,30.66142845,31.1029,32.10571398,32.10571398,52.95532131,55.54292145,76.27572632,52.42215,70.39190674,75.40907924,67.73355484,52.42215,62.40989631,71.44248744,91.8735199,89.33443233,89.92996216,83.607,92.76497214,91.87947628,94.19116429,83.87433733,93.2270159,92.93107169
72,Kerala,09-01-2016 00:00,2016,38,10.1453531,76.4606948,16,31.59428569,23.06571415,53.49211121,6.25,88.11319188,23.06571415,22.76782,22.76782,20.74285725,22.76782,22.76782,23.47142873,23.54857145,22.76782,23.6699998,6.25,10.38333333,5.585714286,15.95714286,17.78333333,10.55714286,20.08333333,19.18333333,10.71428571,10.74285714,31.59428569,31.1029,31.1029,27.0414287,31.1029,31.1029,30.93428557,30.66142845,31.1029,32.10571398,53.49211121,52.95532131,55.54292145,76.27572632,52.42215,70.39190674,75.40907924,67.73355484,52.42215,62.40989631,88.11319188,91.8735199,89.33443233,89.92996216,83.607,92.76497214,91.87947628,94.19116429,83.87433733,93.2270159
73,Kerala,11-05-2016 00:00,2016,47,8.5236475,76.9282705,7,30.69285665,23.02285685,43.84435399,1.05,80.18836975,23.02285685,23.06571415,22.76782,22.76782,20.74285725,22.76782,22.76782,23.47142873,23.54857145,22.76782,1.05,6.25,10.38333333,5.585714286,15.95714286,17.78333333,10.55714286,20.08333333,19.18333333,10.71428571,30.69285665,31.59428569,31.1029,31.1029,27.0414287,31.1029,31.1029,30.93428557,30.66142845,31.1029,43.84435399,53.49211121,52.95532131,55.54292145,76.27572632,52.42215,70.39190674,75.40907924,67.73355484,52.42215,80.18836975,88.11319188,91.8735199,89.33443233,89.92996216,83.607,92.76497214,91.87947628,94.19116429,83.87433733
74,Kerala,12-07-2016 00:00,2016,52,9.1938554,76.6357814,12,31.77000046,22.3485715,36.08731678,0.2,75.70283072,22.3485715,23.02285685,23.06571415,22.76782,22.76782,20.74285725,22.76782,22.76782,23.47142873,23.54857145,0.2,1.05,6.25,10.38333333,5.585714286,15.95714286,17.78333333,10.55714286,20.08333333,19.18333333,31.77000046,30.69285665,31.59428569,31.1029,31.1029,27.0414287,31.1029,31.1029,30.93428557,30.66142845,36.08731678,43.84435399,53.49211121,52.95532131,55.54292145,76.27572632,52.42215,70.39190674,75.40907924,67.73355484,75.70283072,80.18836975,88.11319188,91.8735199,89.33443233,89.92996216,83.607,92.76497214,91.87947628,94.19116429
75,Kerala,30-03-2017 00:00,2017,14,10.0334619,76.5510038,13,35.00857162,24.83857155,37.92536227,5.1,69.34822736,24.83857155,22.3485715,23.02285685,23.06571415,22.76782,22.76782,20.74285725,22.76782,22.76782,23.47142873,5.1,0.2,1.05,6.25,10.38333333,5.585714286,15.95714286,17.78333333,10.55714286,20.08333333,35.00857162,31.77000046,30.69285665,31.59428569,31.1029,31.1029,27.0414287,31.1029,31.1029,30.93428557,37.92536227,36.08731678,43.84435399,53.49211121,52.95532131,55.54292145,76.27572632,52.42215,70.39190674,75.40907924,69.34822736,75.70283072,80.18836975,88.11319188,91.8735199,89.33443233,89.92996216,83.607,92.76497214,91.87947628
76,Kerala,04-10-2017 00:00,2017,15,11.9296512,75.5711996,53,33.00428554,22.47428594,30.52008248,2.3,69.08320509,22.47428594,24.83857155,22.3485715,23.02285685,23.06571415,22.76782,22.76782,20.74285725,22.76782,22.76782,2.3,5.1,0.2,1.05,6.25,10.38333333,5.585714286,15.95714286,17.78333333,10.55714286,33.00428554,35.00857162,31.77000046,30.69285665,31.59428569,31.1029,31.1029,27.0414287,31.1029,31.1029,30.52008248,37.92536227,36.08731678,43.84435399,53.49211121,52.95532131,55.54292145,76.27572632,52.42215,70.39190674,69.08320509,69.34822736,75.70283072,80.18836975,88.11319188,91.8735199,89.33443233,89.92996216,83.607,92.76497214
77,Kerala,04-01-2017 00:00,2017,15,10.6031626,76.5832125,35,33.225714,22.2657141,24.11604268,2,70.89068167,22.2657141,22.47428594,24.83857155,22.3485715,23.02285685,23.06571415,22.76782,22.76782,20.74285725,22.76782,2,2.3,5.1,0.2,1.05,6.25,10.38333333,5.585714286,15.95714286,17.78333333,33.225714,33.00428554,35.00857162,31.77000046,30.69285665,31.59428569,31.1029,31.1029,27.0414287,31.1029,24.11604268,30.52008248,37.92536227,36.08731678,43.84435399,53.49211121,52.95532131,55.54292145,76.27572632,52.42215,70.89068167,69.08320509,69.34822736,75.70283072,80.18836975,88.11319188,91.8735199,89.33443233,89.92996216,83.607
78,Kerala,04-03-2017 00:00,2017,15,10.4784309,76.2394659,8,31.1029,22.76782,21.92248472,8.6,70.96973746,22.76782,22.2657141,22.47428594,24.83857155,22.3485715,23.02285685,23.06571415,22.76782,22.76782,20.74285725,8.6,2,2.3,5.1,0.2,1.05,6.25,10.38333333,5.585714286,15.95714286,31.1029,33.225714,33.00428554,35.00857162,31.77000046,30.69285665,31.59428569,31.1029,31.1029,27.0414287,21.92248472,24.11604268,30.52008248,37.92536227,36.08731678,43.84435399,53.49211121,52.95532131,55.54292145,76.27572632,70.96973746,70.89068167,69.08320509,69.34822736,75.70283072,80.18836975,88.11319188,91.8735199,89.33443233,89.92996216
79,Kerala,20-03-2017 00:00,2017,16,11.3894231,75.8226853,65,32.35142817,22.94285692,21.25435715,6.9,71.61629595,22.94285692,22.76782,22.2657141,22.47428594,24.83857155,22.3485715,23.02285685,23.06571415,22.76782,22.76782,6.9,8.6,2,2.3,5.1,0.2,1.05,6.25,10.38333333,5.585714286,32.35142817,31.1029,33.225714,33.00428554,35.00857162,31.77000046,30.69285665,31.59428569,31.1029,31.1029,21.25435715,21.92248472,24.11604268,30.52008248,37.92536227,36.08731678,43.84435399,53.49211121,52.95532131,55.54292145,71.61629595,70.96973746,70.89068167,69.08320509,69.34822736,75.70283072,80.18836975,88.11319188,91.8735199,89.33443233
80,Kerala,03-02-2017 00:00,2017,16,11.1895489,75.8698069,40,31.1029,22.76782,52.42215,5.575,74.32593101,22.76782,22.94285692,22.76782,22.2657141,22.47428594,24.83857155,22.3485715,23.02285685,23.06571415,22.76782,5.575,6.9,8.6,2,2.3,5.1,0.2,1.05,6.25,10.38333333,31.1029,32.35142817,31.1029,33.225714,33.00428554,35.00857162,31.77000046,30.69285665,31.59428569,31.1029,52.42215,21.25435715,21.92248472,24.11604268,30.52008248,37.92536227,36.08731678,43.84435399,53.49211121,52.95532131,74.32593101,71.61629595,70.96973746,70.89068167,69.08320509,69.34822736,75.70283072,80.18836975,88.11319188,91.8735199
81,Kerala,04-06-2017 00:00,2017,17,8.8789024,76.6364056,30,34.50428608,25.5157141,36.32907077,3.4,75.26699829,25.5157141,22.76782,22.94285692,22.76782,22.2657141,22.47428594,24.83857155,22.3485715,23.02285685,23.06571415,3.4,5.575,6.9,8.6,2,2.3,5.1,0.2,1.05,6.25,34.50428608,31.1029,32.35142817,31.1029,33.225714,33.00428554,35.00857162,31.77000046,30.69285665,31.59428569,36.32907077,52.42215,21.25435715,21.92248472,24.11604268,30.52008248,37.92536227,36.08731678,43.84435399,53.49211121,75.26699829,74.32593101,71.61629595,70.96973746,70.89068167,69.08320509,69.34822736,75.70283072,80.18836975,88.11319188
82,Kerala,14-03-2017 00:00,2017,19,11.0501325,75.9840544,46,31.1029,22.76782,31.37710272,12.13333333,70.5519104,22.76782,25.5157141,22.76782,22.94285692,22.76782,22.2657141,22.47428594,24.83857155,22.3485715,23.02285685,12.13333333,3.4,5.575,6.9,8.6,2,2.3,5.1,0.2,1.05,31.1029,34.50428608,31.1029,32.35142817,31.1029,33.225714,33.00428554,35.00857162,31.77000046,30.69285665,31.37710272,36.32907077,52.42215,21.25435715,21.92248472,24.11604268,30.52008248,37.92536227,36.08731678,43.84435399,70.5519104,75.26699829,74.32593101,71.61629595,70.96973746,70.89068167,69.08320509,69.34822736,75.70283072,80.18836975
83,Kerala,04-06-2017 00:00,2017,19,11.5407711,75.8446802,32,32.01142911,21.88857133,22.70582281,11.48,68.87892042,21.88857133,22.76782,25.5157141,22.76782,22.94285692,22.76782,22.2657141,22.47428594,24.83857155,22.3485715,11.48,12.13333333,3.4,5.575,6.9,8.6,2,2.3,5.1,0.2,32.01142911,31.1029,34.50428608,31.1029,32.35142817,31.1029,33.225714,33.00428554,35.00857162,31.77000046,22.70582281,31.37710272,36.32907077,52.42215,21.25435715,21.92248472,24.11604268,30.52008248,37.92536227,36.08731678,68.87892042,70.5519104,75.26699829,74.32593101,71.61629595,70.96973746,70.89068167,69.08320509,69.34822736,75.70283072
84,Kerala,05-01-2017 00:00,2017,20,8.9021924,76.6173982,42,31.1029,22.76782,52.42215,28.925,83.607,22.76782,21.88857133,22.76782,25.5157141,22.76782,22.94285692,22.76782,22.2657141,22.47428594,24.83857155,28.925,11.48,12.13333333,3.4,5.575,6.9,8.6,2,2.3,5.1,31.1029,32.01142911,31.1029,34.50428608,31.1029,32.35142817,31.1029,33.225714,33.00428554,35.00857162,52.42215,22.70582281,31.37710272,36.32907077,52.42215,21.25435715,21.92248472,24.11604268,30.52008248,37.92536227,83.607,68.87892042,70.5519104,75.26699829,74.32593101,71.61629595,70.96973746,70.89068167,69.08320509,69.34822736
85,Kerala,05-03-2017 00:00,2017,20,9.089584,76.5611548,30,31.1029,22.76782,52.42215,7.44,79.0335192,22.76782,22.76782,21.88857133,22.76782,25.5157141,22.76782,22.94285692,22.76782,22.2657141,22.47428594,7.44,28.925,11.48,12.13333333,3.4,5.575,6.9,8.6,2,2.3,31.1029,31.1029,32.01142911,31.1029,34.50428608,31.1029,32.35142817,31.1029,33.225714,33.00428554,52.42215,52.42215,22.70582281,31.37710272,36.32907077,52.42215,21.25435715,21.92248472,24.11604268,30.52008248,79.0335192,83.607,68.87892042,70.5519104,75.26699829,74.32593101,71.61629595,70.96973746,70.89068167,69.08320509
86,Kerala,05-04-2017 00:00,2017,20,11.2412446,76.0400475,79,32.02285712,22.34428569,30.50778961,0.85,69.07016427,22.34428569,22.76782,22.76782,21.88857133,22.76782,25.5157141,22.76782,22.94285692,22.76782,22.2657141,0.85,7.44,28.925,11.48,12.13333333,3.4,5.575,6.9,8.6,2,32.02285712,31.1029,31.1029,32.01142911,31.1029,34.50428608,31.1029,32.35142817,31.1029,33.225714,30.50778961,52.42215,52.42215,22.70582281,31.37710272,36.32907077,52.42215,21.25435715,21.92248472,24.11604268,69.07016427,79.0335192,83.607,68.87892042,70.5519104,75.26699829,74.32593101,71.61629595,70.96973746,70.89068167
87,Kerala,22-05-2017 00:00,2017,21,9.8354432,76.4114733,14,32.40714264,24.25428554,58.2522831,7.55,84.56337738,24.25428554,22.34428569,22.76782,22.76782,21.88857133,22.76782,25.5157141,22.76782,22.94285692,22.76782,7.55,0.85,7.44,28.925,11.48,12.13333333,3.4,5.575,6.9,8.6,32.40714264,32.02285712,31.1029,31.1029,32.01142911,31.1029,34.50428608,31.1029,32.35142817,31.1029,58.2522831,30.50778961,52.42215,52.42215,22.70582281,31.37710272,36.32907077,52.42215,21.25435715,21.92248472,84.56337738,69.07016427,79.0335192,83.607,68.87892042,70.5519104,75.26699829,74.32593101,71.61629595,70.96973746
88,Kerala,24-05-2017 00:00,2017,21,11.4103792,75.7855636,65,30.74000004,21.7971423,39.99184494,10.05,72.20623343,21.7971423,24.25428554,22.34428569,22.76782,22.76782,21.88857133,22.76782,25.5157141,22.76782,22.94285692,10.05,7.55,0.85,7.44,28.925,11.48,12.13333333,3.4,5.575,6.9,30.74000004,32.40714264,32.02285712,31.1029,31.1029,32.01142911,31.1029,34.50428608,31.1029,32.35142817,39.99184494,58.2522831,30.50778961,52.42215,52.42215,22.70582281,31.37710272,36.32907077,52.42215,21.25435715,72.20623343,84.56337738,69.07016427,79.0335192,83.607,68.87892042,70.5519104,75.26699829,74.32593101,71.61629595
89,Kerala,24-04-2017 00:00,2017,21,11.1688385,76.3267485,29,30.74000004,21.7971423,45.49760818,9,74.96460397,21.7971423,21.7971423,24.25428554,22.34428569,22.76782,22.76782,21.88857133,22.76782,25.5157141,22.76782,9,10.05,7.55,0.85,7.44,28.925,11.48,12.13333333,3.4,5.575,30.74000004,30.74000004,32.40714264,32.02285712,31.1029,31.1029,32.01142911,31.1029,34.50428608,31.1029,45.49760818,39.99184494,58.2522831,30.50778961,52.42215,52.42215,22.70582281,31.37710272,36.32907077,52.42215,74.96460397,72.20623343,84.56337738,69.07016427,79.0335192,83.607,68.87892042,70.5519104,75.26699829,74.32593101
90,Kerala,06-02-2017 00:00,2017,22,9.1981516,76.5981556,8,31.40428598,24.02857154,44.64434891,32.35714286,91.01920863,24.02857154,21.7971423,21.7971423,24.25428554,22.34428569,22.76782,22.76782,21.88857133,22.76782,25.5157141,32.35714286,9,10.05,7.55,0.85,7.44,28.925,11.48,12.13333333,3.4,31.40428598,30.74000004,30.74000004,32.40714264,32.02285712,31.1029,31.1029,32.01142911,31.1029,34.50428608,44.64434891,45.49760818,39.99184494,58.2522831,30.50778961,52.42215,52.42215,22.70582281,31.37710272,36.32907077,91.01920863,74.96460397,72.20623343,84.56337738,69.07016427,79.0335192,83.607,68.87892042,70.5519104,75.26699829
91,Kerala,05-12-2017 00:00,2017,22,10.6269001,76.3935783,11,29.19142887,21.04285703,49.66408984,9.9,91.37858581,21.04285703,24.02857154,21.7971423,21.7971423,24.25428554,22.34428569,22.76782,22.76782,21.88857133,22.76782,9.9,32.35714286,9,10.05,7.55,0.85,7.44,28.925,11.48,12.13333333,29.19142887,31.40428598,30.74000004,30.74000004,32.40714264,32.02285712,31.1029,31.1029,32.01142911,31.1029,49.66408984,44.64434891,45.49760818,39.99184494,58.2522831,30.50778961,52.42215,52.42215,22.70582281,31.37710272,91.37858581,91.01920863,74.96460397,72.20623343,84.56337738,69.07016427,79.0335192,83.607,68.87892042,70.5519104
92,Kerala,14-03-2017 00:00,2017,22,11.0501325,75.9840544,65,31.1029,22.76782,45.35513179,21.12857143,90.17918178,22.76782,21.04285703,24.02857154,21.7971423,21.7971423,24.25428554,22.34428569,22.76782,22.76782,21.88857133,21.12857143,9.9,32.35714286,9,10.05,7.55,0.85,7.44,28.925,11.48,31.1029,29.19142887,31.40428598,30.74000004,30.74000004,32.40714264,32.02285712,31.1029,31.1029,32.01142911,45.35513179,49.66408984,44.64434891,45.49760818,39.99184494,58.2522831,30.50778961,52.42215,52.42215,22.70582281,90.17918178,91.37858581,91.01920863,74.96460397,72.20623343,84.56337738,69.07016427,79.0335192,83.607,68.87892042
93,Kerala,24-04-2017 00:00,2017,22,11.1701506,76.3240288,35,29.14571408,21.33999988,50.34318098,4.46,89.13025992,21.33999988,22.76782,21.04285703,24.02857154,21.7971423,21.7971423,24.25428554,22.34428569,22.76782,22.76782,4.46,21.12857143,9.9,32.35714286,9,10.05,7.55,0.85,7.44,28.925,29.14571408,31.1029,29.19142887,31.40428598,30.74000004,30.74000004,32.40714264,32.02285712,31.1029,31.1029,50.34318098,45.35513179,49.66408984,44.64434891,45.49760818,39.99184494,58.2522831,30.50778961,52.42215,52.42215,89.13025992,90.17918178,91.37858581,91.01920863,74.96460397,72.20623343,84.56337738,69.07016427,79.0335192,83.607
94,Kerala,30-05-2017 00:00,2017,26,10.8620196,76.5018797,300,27.06285749,20.14714268,91.28690974,27.64285714,93.72232492,20.14714268,21.33999988,22.76782,21.04285703,24.02857154,21.7971423,21.7971423,24.25428554,22.34428569,22.76782,27.64285714,4.46,21.12857143,9.9,32.35714286,9,10.05,7.55,0.85,7.44,27.06285749,29.14571408,31.1029,29.19142887,31.40428598,30.74000004,30.74000004,32.40714264,32.02285712,31.1029,91.28690974,50.34318098,45.35513179,49.66408984,44.64434891,45.49760818,39.99184494,58.2522831,30.50778961,52.42215,93.72232492,89.13025992,90.17918178,91.37858581,91.01920863,74.96460397,72.20623343,84.56337738,69.07016427,79.0335192
95,Kerala,30-05-2017 00:00,2017,26,10.8026338,76.2174935,76,31.1029,22.76782,86.49110667,34.17142857,94.5601229,22.76782,20.14714268,21.33999988,22.76782,21.04285703,24.02857154,21.7971423,21.7971423,24.25428554,22.34428569,34.17142857,27.64285714,4.46,21.12857143,9.9,32.35714286,9,10.05,7.55,0.85,31.1029,27.06285749,29.14571408,31.1029,29.19142887,31.40428598,30.74000004,30.74000004,32.40714264,32.02285712,86.49110667,91.28690974,50.34318098,45.35513179,49.66408984,44.64434891,45.49760818,39.99184494,58.2522831,30.50778961,94.5601229,93.72232492,89.13025992,90.17918178,91.37858581,91.01920863,74.96460397,72.20623343,84.56337738,69.07016427
96,Kerala,04-10-2018 00:00,2018,17,10.1323413,76.46385,37,33.92142868,24.21571405,40.02144023,11.03333333,73.38759722,24.21571405,22.76782,20.14714268,21.33999988,22.76782,21.04285703,24.02857154,21.7971423,21.7971423,24.25428554,11.03333333,34.17142857,27.64285714,4.46,21.12857143,9.9,32.35714286,9,10.05,7.55,33.92142868,31.1029,27.06285749,29.14571408,31.1029,29.19142887,31.40428598,30.74000004,30.74000004,32.40714264,40.02144023,86.49110667,91.28690974,50.34318098,45.35513179,49.66408984,44.64434891,45.49760818,39.99184494,58.2522831,73.38759722,94.5601229,93.72232492,89.13025992,90.17918178,91.37858581,91.01920863,74.96460397,72.20623343,84.56337738
97,Kerala,04-01-2018 00:00,2018,19,11.8759844,75.8588621,32,31.02142879,21.02714293,41.48104604,10.04285714,82.8995285,21.02714293,24.21571405,22.76782,20.14714268,21.33999988,22.76782,21.04285703,24.02857154,21.7971423,21.7971423,10.04285714,11.03333333,34.17142857,27.64285714,4.46,21.12857143,9.9,32.35714286,9,10.05,31.02142879,33.92142868,31.1029,27.06285749,29.14571408,31.1029,29.19142887,31.40428598,30.74000004,30.74000004,41.48104604,40.02144023,86.49110667,91.28690974,50.34318098,45.35513179,49.66408984,44.64434891,45.49760818,39.99184494,82.8995285,73.38759722,94.5601229,93.72232492,89.13025992,90.17918178,91.37858581,91.01920863,74.96460397,72.20623343
98,Kerala,13-04-2018 00:00,2018,19,10.3760224,76.3622486,9,31.1029,22.76782,51.66347395,10.18,77.04982757,22.76782,21.02714293,24.21571405,22.76782,20.14714268,21.33999988,22.76782,21.04285703,24.02857154,21.7971423,10.18,10.04285714,11.03333333,34.17142857,27.64285714,4.46,21.12857143,9.9,32.35714286,9,31.1029,31.02142879,33.92142868,31.1029,27.06285749,29.14571408,31.1029,29.19142887,31.40428598,30.74000004,51.66347395,41.48104604,40.02144023,86.49110667,91.28690974,50.34318098,45.35513179,49.66408984,44.64434891,45.49760818,77.04982757,82.8995285,73.38759722,94.5601229,93.72232492,89.13025992,90.17918178,91.37858581,91.01920863,74.96460397
99,Kerala,23-05-2018 00:00,2018,21,10.0706083,76.748354,39,30.74428558,22.89285714,58.44697898,7.46,91.27673994,22.89285714,22.76782,21.02714293,24.21571405,22.76782,20.14714268,21.33999988,22.76782,21.04285703,24.02857154,7.46,10.18,10.04285714,11.03333333,34.17142857,27.64285714,4.46,21.12857143,9.9,32.35714286,30.74428558,31.1029,31.02142879,33.92142868,31.1029,27.06285749,29.14571408,31.1029,29.19142887,31.40428598,58.44697898,51.66347395,41.48104604,40.02144023,86.49110667,91.28690974,50.34318098,45.35513179,49.66408984,44.64434891,91.27673994,77.04982757,82.8995285,73.38759722,94.5601229,93.72232492,89.13025992,90.17918178,91.37858581,91.01920863
100,Kerala,30-04-2018 00:00,2018,21,12.0375496,75.6651327,32,29.69999995,21.09428569,45.17434629,12.76,82.58700562,21.09428569,22.89285714,22.76782,21.02714293,24.21571405,22.76782,20.14714268,21.33999988,22.76782,21.04285703,12.76,7.46,10.18,10.04285714,11.03333333,34.17142857,27.64285714,4.46,21.12857143,9.9,29.69999995,30.74428558,31.1029,31.02142879,33.92142868,31.1029,27.06285749,29.14571408,31.1029,29.19142887,45.17434629,58.44697898,51.66347395,41.48104604,40.02144023,86.49110667,91.28690974,50.34318098,45.35513179,49.66408984,82.58700562,91.27673994,77.04982757,82.8995285,73.38759722,94.5601229,93.72232492,89.13025992,90.17918178,91.37858581
101,Kerala,26-04-2018 00:00,2018,21,11.3548606,76.243652,39,29.69999995,21.09428569,52.87837928,11.16,84.99920872,21.09428569,21.09428569,22.89285714,22.76782,21.02714293,24.21571405,22.76782,20.14714268,21.33999988,22.76782,11.16,12.76,7.46,10.18,10.04285714,11.03333333,34.17142857,27.64285714,4.46,21.12857143,29.69999995,29.69999995,30.74428558,31.1029,31.02142879,33.92142868,31.1029,27.06285749,29.14571408,31.1029,52.87837928,45.17434629,58.44697898,51.66347395,41.48104604,40.02144023,86.49110667,91.28690974,50.34318098,45.35513179,84.99920872,82.58700562,91.27673994,77.04982757,82.8995285,73.38759722,94.5601229,93.72232492,89.13025992,90.17918178
102,Kerala,06-01-2018 00:00,2018,24,12.4149211,75.2390175,17,31.1029,22.76782,67.7524058,15.05714286,92.27783748,22.76782,21.09428569,21.09428569,22.89285714,22.76782,21.02714293,24.21571405,22.76782,20.14714268,21.33999988,15.05714286,11.16,12.76,7.46,10.18,10.04285714,11.03333333,34.17142857,27.64285714,4.46,31.1029,29.69999995,29.69999995,30.74428558,31.1029,31.02142879,33.92142868,31.1029,27.06285749,29.14571408,67.7524058,52.87837928,45.17434629,58.44697898,51.66347395,41.48104604,40.02144023,86.49110667,91.28690974,50.34318098,92.27783748,84.99920872,82.58700562,91.27673994,77.04982757,82.8995285,73.38759722,94.5601229,93.72232492,89.13025992
103,Kerala,05-07-2018 00:00,2018,24,9.2994858,76.7316025,9,29.9828573,23.82714326,77.78452937,11.5,91.76593344,23.82714326,22.76782,21.09428569,21.09428569,22.89285714,22.76782,21.02714293,24.21571405,22.76782,20.14714268,11.5,15.05714286,11.16,12.76,7.46,10.18,10.04285714,11.03333333,34.17142857,27.64285714,29.9828573,31.1029,29.69999995,29.69999995,30.74428558,31.1029,31.02142879,33.92142868,31.1029,27.06285749,77.78452937,67.7524058,52.87837928,45.17434629,58.44697898,51.66347395,41.48104604,40.02144023,86.49110667,91.28690974,91.76593344,92.27783748,84.99920872,82.58700562,91.27673994,77.04982757,82.8995285,73.38759722,94.5601229,93.72232492
104,Kerala,05-05-2018 00:00,2018,24,10.1962362,76.3882566,24,29.40714318,23.27571406,83.66780854,19.98333333,93.09461648,23.27571406,23.82714326,22.76782,21.09428569,21.09428569,22.89285714,22.76782,21.02714293,24.21571405,22.76782,19.98333333,11.5,15.05714286,11.16,12.76,7.46,10.18,10.04285714,11.03333333,34.17142857,29.40714318,29.9828573,31.1029,29.69999995,29.69999995,30.74428558,31.1029,31.02142879,33.92142868,31.1029,83.66780854,77.78452937,67.7524058,52.87837928,45.17434629,58.44697898,51.66347395,41.48104604,40.02144023,86.49110667,93.09461648,91.76593344,92.27783748,84.99920872,82.58700562,91.27673994,77.04982757,82.8995285,73.38759722,94.5601229
105,Kerala,15-06-2018 00:00,2018,30,11.4201343,75.7975247,37,26.96428571,20.49571446,64.83091736,12.25714286,91.35102299,20.49571446,23.27571406,23.82714326,22.76782,21.09428569,21.09428569,22.89285714,22.76782,21.02714293,24.21571405,12.25714286,19.98333333,11.5,15.05714286,11.16,12.76,7.46,10.18,10.04285714,11.03333333,26.96428571,29.40714318,29.9828573,31.1029,29.69999995,29.69999995,30.74428558,31.1029,31.02142879,33.92142868,64.83091736,83.66780854,77.78452937,67.7524058,52.87837928,45.17434629,58.44697898,51.66347395,41.48104604,40.02144023,91.35102299,93.09461648,91.76593344,92.27783748,84.99920872,82.58700562,91.27673994,77.04982757,82.8995285,73.38759722
106,Kerala,12-07-2016 00:00,2018,50,10.1146301,76.4777526,16,31.45571463,22.08571407,45.8602581,0.7,77.25224413,22.08571407,20.49571446,23.27571406,23.82714326,22.76782,21.09428569,21.09428569,22.89285714,22.76782,21.02714293,0.7,12.25714286,19.98333333,11.5,15.05714286,11.16,12.76,7.46,10.18,10.04285714,31.45571463,26.96428571,29.40714318,29.9828573,31.1029,29.69999995,29.69999995,30.74428558,31.1029,31.02142879,45.8602581,64.83091736,83.66780854,77.78452937,67.7524058,52.87837928,45.17434629,58.44697898,51.66347395,41.48104604,77.25224413,91.35102299,93.09461648,91.76593344,92.27783748,84.99920872,82.58700562,91.27673994,77.04982757,82.8995285
107,Kerala,12-05-2019 00:00,2019,4,11.7220319,75.6681415,25,29.82285718,17.44000026,15.98567756,0,72.28201948,17.44000026,22.08571407,20.49571446,23.27571406,23.82714326,22.76782,21.09428569,21.09428569,22.89285714,22.76782,0,0.7,12.25714286,19.98333333,11.5,15.05714286,11.16,12.76,7.46,10.18,29.82285718,31.45571463,26.96428571,29.40714318,29.9828573,31.1029,29.69999995,29.69999995,30.74428558,31.1029,15.98567756,45.8602581,64.83091736,83.66780854,77.78452937,67.7524058,52.87837928,45.17434629,58.44697898,51.66347395,72.28201948,77.25224413,91.35102299,93.09461648,91.76593344,92.27783748,84.99920872,82.58700562,91.27673994,77.04982757
108,Kerala,20-04-2019 00:00,2019,20,11.6435286,75.790473,20,32.7957137,22.75999996,28.92899482,4.05,71.01931109,22.75999996,17.44000026,22.08571407,20.49571446,23.27571406,23.82714326,22.76782,21.09428569,21.09428569,22.89285714,4.05,0,0.7,12.25714286,19.98333333,11.5,15.05714286,11.16,12.76,7.46,32.7957137,29.82285718,31.45571463,26.96428571,29.40714318,29.9828573,31.1029,29.69999995,29.69999995,30.74428558,28.92899482,15.98567756,45.8602581,64.83091736,83.66780854,77.78452937,67.7524058,52.87837928,45.17434629,58.44697898,71.01931109,72.28201948,77.25224413,91.35102299,93.09461648,91.76593344,92.27783748,84.99920872,82.58700562,91.27673994
109,Kerala,04-12-2019 00:00,2019,21,11.6728992,75.8143677,23,32.76714243,22.89142854,31.05247879,4.45,72.6273989,22.89142854,22.75999996,17.44000026,22.08571407,20.49571446,23.27571406,23.82714326,22.76782,21.09428569,21.09428569,4.45,4.05,0,0.7,12.25714286,19.98333333,11.5,15.05714286,11.16,12.76,32.76714243,32.7957137,29.82285718,31.45571463,26.96428571,29.40714318,29.9828573,31.1029,29.69999995,29.69999995,31.05247879,28.92899482,15.98567756,45.8602581,64.83091736,83.66780854,77.78452937,67.7524058,52.87837928,45.17434629,72.6273989,71.01931109,72.28201948,77.25224413,91.35102299,93.09461648,91.76593344,92.27783748,84.99920872,82.58700562
110,Kerala,18-05-2019 00:00,2019,23,9.9880394,76.7886776,15,31.95714215,23.94714274,62.70102256,10.7,87.68934086,23.94714274,22.89142854,22.75999996,17.44000026,22.08571407,20.49571446,23.27571406,23.82714326,22.76782,21.09428569,10.7,4.45,4.05,0,0.7,12.25714286,19.98333333,11.5,15.05714286,11.16,31.95714215,32.76714243,32.7957137,29.82285718,31.45571463,26.96428571,29.40714318,29.9828573,31.1029,29.69999995,62.70102256,31.05247879,28.92899482,15.98567756,45.8602581,64.83091736,83.66780854,77.78452937,67.7524058,52.87837928,87.68934086,72.6273989,71.01931109,72.28201948,77.25224413,91.35102299,93.09461648,91.76593344,92.27783748,84.99920872
111,Kerala,21-05-2019 00:00,2019,23,10.1962362,76.3882566,36,31.95714215,23.94714274,54.80870056,11.51666667,88.64775957,23.94714274,23.94714274,22.89142854,22.75999996,17.44000026,22.08571407,20.49571446,23.27571406,23.82714326,22.76782,11.51666667,10.7,4.45,4.05,0,0.7,12.25714286,19.98333333,11.5,15.05714286,31.95714215,31.95714215,32.76714243,32.7957137,29.82285718,31.45571463,26.96428571,29.40714318,29.9828573,31.1029,54.80870056,62.70102256,31.05247879,28.92899482,15.98567756,45.8602581,64.83091736,83.66780854,77.78452937,67.7524058,88.64775957,87.68934086,72.6273989,71.01931109,72.28201948,77.25224413,91.35102299,93.09461648,91.76593344,92.27783748
112,Kerala,30-04-2019 00:00,2019,24,12.0029105,75.6895794,20,28.92142868,21.6514285,69.88989004,28.42857143,94.11547634,21.6514285,23.94714274,23.94714274,22.89142854,22.75999996,17.44000026,22.08571407,20.49571446,23.27571406,23.82714326,28.42857143,11.51666667,10.7,4.45,4.05,0,0.7,12.25714286,19.98333333,11.5,28.92142868,31.95714215,31.95714215,32.76714243,32.7957137,29.82285718,31.45571463,26.96428571,29.40714318,29.9828573,69.88989004,54.80870056,62.70102256,31.05247879,28.92899482,15.98567756,45.8602581,64.83091736,83.66780854,77.78452937,94.11547634,88.64775957,87.68934086,72.6273989,71.01931109,72.28201948,77.25224413,91.35102299,93.09461648,91.76593344
113,Kerala,17-06-2019 00:00,2019,25,12.3309825,75.3089937,19,28.26714298,22.76782,53.75631205,34.24285714,95.33209446,22.76782,21.6514285,23.94714274,23.94714274,22.89142854,22.75999996,17.44000026,22.08571407,20.49571446,23.27571406,34.24285714,28.42857143,11.51666667,10.7,4.45,4.05,0,0.7,12.25714286,19.98333333,28.26714298,28.92142868,31.95714215,31.95714215,32.76714243,32.7957137,29.82285718,31.45571463,26.96428571,29.40714318,53.75631205,69.88989004,54.80870056,62.70102256,31.05247879,28.92899482,15.98567756,45.8602581,64.83091736,83.66780854,95.33209446,94.11547634,88.64775957,87.68934086,72.6273989,71.01931109,72.28201948,77.25224413,91.35102299,93.09461648
114,Kerala,17-06-2019 00:00,2019,25,11.6634657,76.2537975,17,28.37571417,21.27714293,74.03456625,2.483333333,90.69853755,21.27714293,22.76782,21.6514285,23.94714274,23.94714274,22.89142854,22.75999996,17.44000026,22.08571407,20.49571446,2.483333333,34.24285714,28.42857143,11.51666667,10.7,4.45,4.05,0,0.7,12.25714286,28.37571417,28.26714298,28.92142868,31.95714215,31.95714215,32.76714243,32.7957137,29.82285718,31.45571463,26.96428571,74.03456625,53.75631205,69.88989004,54.80870056,62.70102256,31.05247879,28.92899482,15.98567756,45.8602581,64.83091736,90.69853755,95.33209446,94.11547634,88.64775957,87.68934086,72.6273989,71.01931109,72.28201948,77.25224413,91.35102299
115,Kerala,01-05-2019 00:00,2019,26,10.1531607,76.7407817,30,31.82428523,24.27142824,56.86278852,3.175,86.96628788,24.27142824,21.27714293,22.76782,21.6514285,23.94714274,23.94714274,22.89142854,22.75999996,17.44000026,22.08571407,3.175,2.483333333,34.24285714,28.42857143,11.51666667,10.7,4.45,4.05,0,0.7,31.82428523,28.37571417,28.26714298,28.92142868,31.95714215,31.95714215,32.76714243,32.7957137,29.82285718,31.45571463,56.86278852,74.03456625,53.75631205,69.88989004,54.80870056,62.70102256,31.05247879,28.92899482,15.98567756,45.8602581,86.96628788,90.69853755,95.33209446,94.11547634,88.64775957,87.68934086,72.6273989,71.01931109,72.28201948,77.25224413
116,Kerala,23-06-2019 00:00,2019,28,9.98978,76.306577,24,31.1029,22.76782,52.42215,0,88.19575174,22.76782,24.27142824,21.27714293,22.76782,21.6514285,23.94714274,23.94714274,22.89142854,22.75999996,17.44000026,0,3.175,2.483333333,34.24285714,28.42857143,11.51666667,10.7,4.45,4.05,0,31.1029,31.82428523,28.37571417,28.26714298,28.92142868,31.95714215,31.95714215,32.76714243,32.7957137,29.82285718,52.42215,56.86278852,74.03456625,53.75631205,69.88989004,54.80870056,62.70102256,31.05247879,28.92899482,15.98567756,88.19575174,86.96628788,90.69853755,95.33209446,94.11547634,88.64775957,87.68934086,72.6273989,71.01931109,72.28201948
117,Kerala,19-08-2019 00:00,2019,34,10.066038,76.61799,15,29.48857171,22.56999997,83.38544083,23.31428571,97.19745636,22.56999997,22.76782,24.27142824,21.27714293,22.76782,21.6514285,23.94714274,23.94714274,22.89142854,22.75999996,23.31428571,0,3.175,2.483333333,34.24285714,28.42857143,11.51666667,10.7,4.45,4.05,29.48857171,31.1029,31.82428523,28.37571417,28.26714298,28.92142868,31.95714215,31.95714215,32.76714243,32.7957137,83.38544083,52.42215,56.86278852,74.03456625,53.75631205,69.88989004,54.80870056,62.70102256,31.05247879,28.92899482,97.19745636,88.19575174,86.96628788,90.69853755,95.33209446,94.11547634,88.64775957,87.68934086,72.6273989,71.01931109
118,Kerala,14-10-2019 00:00,2019,42,9.975365,76.3173706,18,31.1029,22.76782,52.42215,0,87.39457921,22.76782,22.56999997,22.76782,24.27142824,21.27714293,22.76782,21.6514285,23.94714274,23.94714274,22.89142854,0,23.31428571,0,3.175,2.483333333,34.24285714,28.42857143,11.51666667,10.7,4.45,31.1029,29.48857171,31.1029,31.82428523,28.37571417,28.26714298,28.92142868,31.95714215,31.95714215,32.76714243,52.42215,83.38544083,52.42215,56.86278852,74.03456625,53.75631205,69.88989004,54.80870056,62.70102256,31.05247879,87.39457921,97.19745636,88.19575174,86.96628788,90.69853755,95.33209446,94.11547634,88.64775957,87.68934086,72.6273989
119,Kerala,10-01-2019 00:00,2019,45,10.0364328,76.3319058,23,31.1029,22.76782,52.42215,0,87.23488726,22.76782,22.76782,22.56999997,22.76782,24.27142824,21.27714293,22.76782,21.6514285,23.94714274,23.94714274,0,0,23.31428571,0,3.175,2.483333333,34.24285714,28.42857143,11.51666667,10.7,31.1029,31.1029,29.48857171,31.1029,31.82428523,28.37571417,28.26714298,28.92142868,31.95714215,31.95714215,52.42215,52.42215,83.38544083,52.42215,56.86278852,74.03456625,53.75631205,69.88989004,54.80870056,62.70102256,87.23488726,87.39457921,97.19745636,88.19575174,86.96628788,90.69853755,95.33209446,94.11547634,88.64775957,87.68934086
120,Kerala,11-03-2019 00:00,2019,49,9.8402479,76.4156628,17,29.75857135,22.40285737,52.75968606,16.4,78.39494433,22.40285737,22.76782,22.76782,22.56999997,22.76782,24.27142824,21.27714293,22.76782,21.6514285,23.94714274,16.4,0,0,23.31428571,0,3.175,2.483333333,34.24285714,28.42857143,11.51666667,29.75857135,31.1029,31.1029,29.48857171,31.1029,31.82428523,28.37571417,28.26714298,28.92142868,31.95714215,52.75968606,52.42215,52.42215,83.38544083,52.42215,56.86278852,74.03456625,53.75631205,69.88989004,54.80870056,78.39494433,87.23488726,87.39457921,97.19745636,88.19575174,86.96628788,90.69853755,95.33209446,94.11547634,88.64775957
121,Kerala,04-03-2020 00:00,2020,17,10.0189626,76.6273234,17,34.36285727,24.58714322,45.97263663,7.216666667,83.59908622,24.58714322,22.40285737,22.76782,22.76782,22.56999997,22.76782,24.27142824,21.27714293,22.76782,21.6514285,7.216666667,16.4,0,0,23.31428571,0,3.175,2.483333333,34.24285714,28.42857143,34.36285727,29.75857135,31.1029,31.1029,29.48857171,31.1029,31.82428523,28.37571417,28.26714298,28.92142868,45.97263663,52.75968606,52.42215,52.42215,83.38544083,52.42215,56.86278852,74.03456625,53.75631205,69.88989004,83.59908622,78.39494433,87.23488726,87.39457921,97.19745636,88.19575174,86.96628788,90.69853755,95.33209446,94.11547634
122,Kerala,04-10-2020 00:00,2020,18,10.8305681,76.0520227,12,31.1029,22.76782,52.42215,0,78.15688324,22.76782,24.58714322,22.40285737,22.76782,22.76782,22.56999997,22.76782,24.27142824,21.27714293,22.76782,0,7.216666667,16.4,0,0,23.31428571,0,3.175,2.483333333,34.24285714,31.1029,34.36285727,29.75857135,31.1029,31.1029,29.48857171,31.1029,31.82428523,28.37571417,28.26714298,52.42215,45.97263663,52.75968606,52.42215,52.42215,83.38544083,52.42215,56.86278852,74.03456625,53.75631205,78.15688324,83.59908622,78.39494433,87.23488726,87.39457921,97.19745636,88.19575174,86.96628788,90.69853755,95.33209446
123,Kerala,04-03-2020 00:00,2020,19,9.4351246,76.854799,18,33.68857138,24.411429,61.31355013,11.82857143,87.51796068,24.411429,22.76782,24.58714322,22.40285737,22.76782,22.76782,22.56999997,22.76782,24.27142824,21.27714293,11.82857143,0,7.216666667,16.4,0,0,23.31428571,0,3.175,2.483333333,33.68857138,31.1029,34.36285727,29.75857135,31.1029,31.1029,29.48857171,31.1029,31.82428523,28.37571417,61.31355013,52.42215,45.97263663,52.75968606,52.42215,52.42215,83.38544083,52.42215,56.86278852,74.03456625,87.51796068,78.15688324,83.59908622,78.39494433,87.23488726,87.39457921,97.19745636,88.19575174,86.96628788,90.69853755
124,Kerala,13-04-2020 00:00,2020,19,10.0334619,76.5510038,43,33.68857138,24.411429,58.14190865,12.44,83.81892722,24.411429,24.411429,22.76782,24.58714322,22.40285737,22.76782,22.76782,22.56999997,22.76782,24.27142824,12.44,11.82857143,0,7.216666667,16.4,0,0,23.31428571,0,3.175,33.68857138,33.68857138,31.1029,34.36285727,29.75857135,31.1029,31.1029,29.48857171,31.1029,31.82428523,58.14190865,61.31355013,52.42215,45.97263663,52.75968606,52.42215,52.42215,83.38544083,52.42215,56.86278852,83.81892722,87.51796068,78.15688324,83.59908622,78.39494433,87.23488726,87.39457921,97.19745636,88.19575174,86.96628788
125,Kerala,27-05-2020 00:00,2020,24,10.0189626,76.6273234,20,30.96571459,23.23857117,79.068076,13.95714286,92.16201019,23.23857117,24.411429,24.411429,22.76782,24.58714322,22.40285737,22.76782,22.76782,22.56999997,22.76782,13.95714286,12.44,11.82857143,0,7.216666667,16.4,0,0,23.31428571,0,30.96571459,33.68857138,33.68857138,31.1029,34.36285727,29.75857135,31.1029,31.1029,29.48857171,31.1029,79.068076,58.14190865,61.31355013,52.42215,45.97263663,52.75968606,52.42215,52.42215,83.38544083,52.42215,92.16201019,83.81892722,87.51796068,78.15688324,83.59908622,78.39494433,87.23488726,87.39457921,97.19745636,88.19575174
126,Kerala,06-03-2020 00:00,2020,25,12.1273687,75.4083699,174,27.77142879,20.88571467,69.08358982,33.91428571,93.04613822,20.88571467,23.23857117,24.411429,24.411429,22.76782,24.58714322,22.40285737,22.76782,22.76782,22.56999997,33.91428571,13.95714286,12.44,11.82857143,0,7.216666667,16.4,0,0,23.31428571,27.77142879,30.96571459,33.68857138,33.68857138,31.1029,34.36285727,29.75857135,31.1029,31.1029,29.48857171,69.08358982,79.068076,58.14190865,61.31355013,52.42215,45.97263663,52.75968606,52.42215,52.42215,83.38544083,93.04613822,92.16201019,83.81892722,87.51796068,78.15688324,83.59908622,78.39494433,87.23488726,87.39457921,97.19745636
127,Kerala,06-08-2020 00:00,2020,25,12.0626006,75.3269729,94,31.1029,22.76782,52.42215,0,93.04613822,22.76782,20.88571467,23.23857117,24.411429,24.411429,22.76782,24.58714322,22.40285737,22.76782,22.76782,0,33.91428571,13.95714286,12.44,11.82857143,0,7.216666667,16.4,0,0,31.1029,27.77142879,30.96571459,33.68857138,33.68857138,31.1029,34.36285727,29.75857135,31.1029,31.1029,52.42215,69.08358982,79.068076,58.14190865,61.31355013,52.42215,45.97263663,52.75968606,52.42215,52.42215,93.04613822,93.04613822,92.16201019,83.81892722,87.51796068,78.15688324,83.59908622,78.39494433,87.23488726,87.39457921
128,Kerala,20-01-2020 00:00,2020,25,11.6178146,75.8075503,30,28.07142857,20.81714276,51.48303286,41.34285714,91.72284917,20.81714276,22.76782,20.88571467,23.23857117,24.411429,24.411429,22.76782,24.58714322,22.40285737,22.76782,41.34285714,0,33.91428571,13.95714286,12.44,11.82857143,0,7.216666667,16.4,0,28.07142857,31.1029,27.77142879,30.96571459,33.68857138,33.68857138,31.1029,34.36285727,29.75857135,31.1029,51.48303286,52.42215,69.08358982,79.068076,58.14190865,61.31355013,52.42215,45.97263663,52.75968606,52.42215,91.72284917,93.04613822,93.04613822,92.16201019,83.81892722,87.51796068,78.15688324,83.59908622,78.39494433,87.23488726
129,Kerala,30-05-2020 00:00,2020,26,11.5577575,75.7635333,33,28.34142876,21.03428568,53.72755305,26.1,87.91909354,21.03428568,20.81714276,22.76782,20.88571467,23.23857117,24.411429,24.411429,22.76782,24.58714322,22.40285737,26.1,41.34285714,0,33.91428571,13.95714286,12.44,11.82857143,0,7.216666667,16.4,28.34142876,28.07142857,31.1029,27.77142879,30.96571459,33.68857138,33.68857138,31.1029,34.36285727,29.75857135,53.72755305,51.48303286,52.42215,69.08358982,79.068076,58.14190865,61.31355013,52.42215,45.97263663,52.75968606,87.91909354,91.72284917,93.04613822,93.04613822,92.16201019,83.81892722,87.51796068,78.15688324,83.59908622,78.39494433
130,Kerala,15-06-2020 00:00,2020,29,11.5307708,75.7099266,20,27.08285713,20.75571414,57.71266065,30.23333333,90.05070278,20.75571414,21.03428568,20.81714276,22.76782,20.88571467,23.23857117,24.411429,24.411429,22.76782,24.58714322,30.23333333,26.1,41.34285714,0,33.91428571,13.95714286,12.44,11.82857143,0,7.216666667,27.08285713,28.34142876,28.07142857,31.1029,27.77142879,30.96571459,33.68857138,33.68857138,31.1029,34.36285727,57.71266065,53.72755305,51.48303286,52.42215,69.08358982,79.068076,58.14190865,61.31355013,52.42215,45.97263663,90.05070278,87.91909354,91.72284917,93.04613822,93.04613822,92.16201019,83.81892722,87.51796068,78.15688324,83.59908622
131,Kerala,07-03-2020 00:00,2020,31,12.2242356,75.3156748,35,26.28857177,21.14714241,70.36262512,45.24285714,95.51293291,21.14714241,20.75571414,21.03428568,20.81714276,22.76782,20.88571467,23.23857117,24.411429,24.411429,22.76782,45.24285714,30.23333333,26.1,41.34285714,0,33.91428571,13.95714286,12.44,11.82857143,0,26.28857177,27.08285713,28.34142876,28.07142857,31.1029,27.77142879,30.96571459,33.68857138,33.68857138,31.1029,70.36262512,57.71266065,53.72755305,51.48303286,52.42215,69.08358982,79.068076,58.14190865,61.31355013,52.42215,95.51293291,90.05070278,87.91909354,91.72284917,93.04613822,93.04613822,92.16201019,83.81892722,87.51796068,78.15688324
