,state,city,cases,st_date,lat,lon,maxt,mint,soil,rain,week,year,rh,mintl0,mintl1,mintl2,mintl3,mintl4,mintl5,mintl6,mintl7,mintl8,mintl9,rainl0,rainl1,rainl2,rainl3,rainl4,rainl5,rainl6,rainl7,rainl8,rainl9,maxtl0,maxtl1,maxtl2,maxtl3,maxtl4,maxtl5,maxtl6,maxtl7,maxtl8,maxtl9,soill0,soill1,soill2,soill3,soill4,soill5,soill6,soill7,soill8,soill9,rhl0,rhl1,rhl2,rhl3,rhl4,rhl5,rhl6,rhl7,rhl8,rhl9
1,West Bengal,Pachim Medinipir,7,30-08-2010 00:00,22.3149274,87.3105311,32.10571398,25.97571427,68.32284164,3.2,37,2010,85.020001,25.97571427,NA,23.83360751,23.83329845,23.83298481,23.81250602,23.8436849,23.84592061,23.83004432,23.81869301,3.2,8.757628205,8.758673139,8.808071896,8.757986799,8.734066667,8.734066667,8.677845118,8.677845118,8.677845118,32.10571398,32.13350972,32.12893679,32.11254242,32.10819089,32.09640767,32.10439354,32.11915626,32.09689246,32.0733301,68.32284164,53.97840486,54.26483442,54.2554213,54.17895464,54.148798,54.14127342,54.06740562,54.25784882,54.41514129,85.020001,80.01735329,79.95459909,79.89868529,79.8203136,79.76029392,79.85899488,79.83324622,79.94714929,80.09318903
2,West Bengal,Nadia,102,01-09-2010 00:00,23.2241491,88.5021177,31.79571424,25.34285709,65.17866612,12.14285714,38,2010,89.39401027,25.34285709,25.97571427,23.83360751,23.83329845,23.83298481,23.81250602,23.8436849,23.84592061,23.83004432,23.81869301,12.14285714,3.2,8.758673139,8.808071896,8.757986799,8.734066667,8.734066667,8.677845118,8.677845118,8.677845118,31.79571424,32.10571398,32.12893679,32.11254242,32.10819089,32.09640767,32.10439354,32.11915626,32.09689246,32.0733301,65.17866612,68.32284164,54.26483442,54.2554213,54.17895464,54.148798,54.14127342,54.06740562,54.25784882,54.41514129,89.39401027,85.020001,79.95459909,79.89868529,79.8203136,79.76029392,79.85899488,79.83324622,79.94714929,80.09318903
3,West Bengal,Pachim Medinipur,7,30-08-2010 00:00,22.3149274,87.3105311,31.26428604,25.5157141,92.21326828,13.65,38,2010,87.43995448,25.5157141,25.34285709,25.97571427,23.83329845,23.83298481,23.81250602,23.8436849,23.84592061,23.83004432,23.81869301,13.65,12.14285714,3.2,8.808071896,8.757986799,8.734066667,8.734066667,8.677845118,8.677845118,8.677845118,31.26428604,31.79571424,32.10571398,32.11254242,32.10819089,32.09640767,32.10439354,32.11915626,32.09689246,32.0733301,92.21326828,65.17866612,68.32284164,54.2554213,54.17895464,54.148798,54.14127342,54.06740562,54.25784882,54.41514129,87.43995448,89.39401027,85.020001,79.89868529,79.8203136,79.76029392,79.85899488,79.83324622,79.94714929,80.09318903
4,West Bengal,Nadia,24,21-09-2010 00:00,23.4709656,88.556531,33.61428506,25.30714253,54.07883072,6.275,39,2010,90.34949166,25.30714253,25.5157141,25.34285709,25.97571427,23.83298481,23.81250602,23.8436849,23.84592061,23.83004432,23.81869301,6.275,13.65,12.14285714,3.2,8.757986799,8.734066667,8.734066667,8.677845118,8.677845118,8.677845118,33.61428506,31.26428604,31.79571424,32.10571398,32.10819089,32.09640767,32.10439354,32.11915626,32.09689246,32.0733301,54.07883072,92.21326828,65.17866612,68.32284164,54.17895464,54.148798,54.14127342,54.06740562,54.25784882,54.41514129,90.34949166,87.43995448,89.39401027,85.020001,79.8203136,79.76029392,79.85899488,79.83324622,79.94714929,80.09318903
5,West Bengal,Nadia,131,01-09-2010 00:00,23.2241491,88.5021177,32.60714258,25.43714278,49.69234324,6.7,40,2010,82.42165266,25.43714278,25.30714253,25.5157141,25.34285709,25.97571427,23.81250602,23.8436849,23.84592061,23.83004432,23.81869301,6.7,6.275,13.65,12.14285714,3.2,8.734066667,8.734066667,8.677845118,8.677845118,8.677845118,32.60714258,33.61428506,31.26428604,31.79571424,32.10571398,32.09640767,32.10439354,32.11915626,32.09689246,32.0733301,49.69234324,54.07883072,92.21326828,65.17866612,68.32284164,54.148798,54.14127342,54.06740562,54.25784882,54.41514129,82.42165266,90.34949166,87.43995448,89.39401027,85.020001,79.76029392,79.85899488,79.83324622,79.94714929,80.09318903
6,West Bengal,North 24 Parganas,279,30-10-2010 00:00,22.6832639,88.811292,31.52999987,21.68714278,24.41995557,0,45,2010,62.50704084,21.68714278,25.43714278,25.30714253,25.5157141,25.34285709,25.97571427,23.8436849,23.84592061,23.83004432,23.81869301,0,6.7,6.275,13.65,12.14285714,3.2,8.734066667,8.677845118,8.677845118,8.677845118,31.52999987,32.60714258,33.61428506,31.26428604,31.79571424,32.10571398,32.10439354,32.11915626,32.09689246,32.0733301,24.41995557,49.69234324,54.07883072,92.21326828,65.17866612,68.32284164,54.14127342,54.06740562,54.25784882,54.41514129,62.50704084,82.42165266,90.34949166,87.43995448,89.39401027,85.020001,79.85899488,79.83324622,79.94714929,80.09318903
7,West Bengal,Bankura,6,21-11-2010 00:00,23.2561375,87.0186406,28.87285696,17.15857165,31.91076151,0,48,2010,61.17435183,17.15857165,21.68714278,25.43714278,25.30714253,25.5157141,25.34285709,25.97571427,23.84592061,23.83004432,23.81869301,0,0,6.7,6.275,13.65,12.14285714,3.2,8.677845118,8.677845118,8.677845118,28.87285696,31.52999987,32.60714258,33.61428506,31.26428604,31.79571424,32.10571398,32.11915626,32.09689246,32.0733301,31.91076151,24.41995557,49.69234324,54.07883072,92.21326828,65.17866612,68.32284164,54.06740562,54.25784882,54.41514129,61.17435183,62.50704084,82.42165266,90.34949166,87.43995448,89.39401027,85.020001,79.83324622,79.94714929,80.09318903
8,West  Bengal,North 24 Parganas,1155,09-09-2010 00:00,22.6168099,88.402895,25.79142843,16.01000037,39.66199811,7.05,50,2010,62.73559788,16.01000037,17.15857165,21.68714278,25.43714278,25.30714253,25.5157141,25.34285709,25.97571427,23.83004432,23.81869301,7.05,0,0,6.7,6.275,13.65,12.14285714,3.2,8.677845118,8.677845118,25.79142843,28.87285696,31.52999987,32.60714258,33.61428506,31.26428604,31.79571424,32.10571398,32.09689246,32.0733301,39.66199811,31.91076151,24.41995557,49.69234324,54.07883072,92.21326828,65.17866612,68.32284164,54.25784882,54.41514129,62.73559788,61.17435183,62.50704084,82.42165266,90.34949166,87.43995448,89.39401027,85.020001,79.94714929,80.09318903
9,West Bengal,Burdwan,50,18-12-2010 00:00,23.2276061,88.3263603,25.09571402,10.93857166,64.55898476,0,51,2010,59.41894368,10.93857166,16.01000037,17.15857165,21.68714278,25.43714278,25.30714253,25.5157141,25.34285709,25.97571427,23.81869301,0,7.05,0,0,6.7,6.275,13.65,12.14285714,3.2,8.677845118,25.09571402,25.79142843,28.87285696,31.52999987,32.60714258,33.61428506,31.26428604,31.79571424,32.10571398,32.0733301,64.55898476,39.66199811,31.91076151,24.41995557,49.69234324,54.07883072,92.21326828,65.17866612,68.32284164,54.41514129,59.41894368,62.73559788,61.17435183,62.50704084,82.42165266,90.34949166,87.43995448,89.39401027,85.020001,80.09318903
10,West  Bengal,Birbhum,16,01-03-2011 00:00,24.1490772,87.8474389,33.61285727,18.13571412,7.155826092,0.1,10,2011,38.76124137,18.13571412,10.93857166,16.01000037,17.15857165,21.68714278,25.43714278,25.30714253,25.5157141,25.34285709,25.97571427,0.1,0,7.05,0,0,6.7,6.275,13.65,12.14285714,3.2,33.61285727,25.09571402,25.79142843,28.87285696,31.52999987,32.60714258,33.61428506,31.26428604,31.79571424,32.10571398,7.155826092,64.55898476,39.66199811,31.91076151,24.41995557,49.69234324,54.07883072,92.21326828,65.17866612,68.32284164,38.76124137,59.41894368,62.73559788,61.17435183,62.50704084,82.42165266,90.34949166,87.43995448,89.39401027,85.020001
11,West  Bengal,Bankura,12,01-07-2011 00:00,22.6447915,87.0386909,31.81999942,26.06714303,82.51894951,16.98571429,26,2011,84.13017927,26.06714303,18.13571412,10.93857166,16.01000037,17.15857165,21.68714278,25.43714278,25.30714253,25.5157141,25.34285709,16.98571429,0.1,0,7.05,0,0,6.7,6.275,13.65,12.14285714,31.81999942,33.61285727,25.09571402,25.79142843,28.87285696,31.52999987,32.60714258,33.61428506,31.26428604,31.79571424,82.51894951,7.155826092,64.55898476,39.66199811,31.91076151,24.41995557,49.69234324,54.07883072,92.21326828,65.17866612,84.13017927,38.76124137,59.41894368,62.73559788,61.17435183,62.50704084,82.42165266,90.34949166,87.43995448,89.39401027
12,West  Bengal,Bankura,12,01-07-2011 00:00,22.7623787,87.0243171,33.93714305,26.91142872,69.49566078,5.38,28,2011,81.10951015,26.91142872,26.06714303,18.13571412,10.93857166,16.01000037,17.15857165,21.68714278,25.43714278,25.30714253,25.5157141,5.38,16.98571429,0.1,0,7.05,0,0,6.7,6.275,13.65,33.93714305,31.81999942,33.61285727,25.09571402,25.79142843,28.87285696,31.52999987,32.60714258,33.61428506,31.26428604,69.49566078,82.51894951,7.155826092,64.55898476,39.66199811,31.91076151,24.41995557,49.69234324,54.07883072,92.21326828,81.10951015,84.13017927,38.76124137,59.41894368,62.73559788,61.17435183,62.50704084,82.42165266,90.34949166,87.43995448
13,West Bengal,Howrah,538,05-09-2011 00:00,22.617557,88.19174,33.94571468,25.7342859,23.82074046,0,40,2011,68.7057397,25.7342859,26.91142872,26.06714303,18.13571412,10.93857166,16.01000037,17.15857165,21.68714278,25.43714278,25.30714253,0,5.38,16.98571429,0.1,0,7.05,0,0,6.7,6.275,33.94571468,33.93714305,31.81999942,33.61285727,25.09571402,25.79142843,28.87285696,31.52999987,32.60714258,33.61428506,23.82074046,69.49566078,82.51894951,7.155826092,64.55898476,39.66199811,31.91076151,24.41995557,49.69234324,54.07883072,68.7057397,81.10951015,84.13017927,38.76124137,59.41894368,62.73559788,61.17435183,62.50704084,82.42165266,90.34949166
14,West Bengal,Howrah,84,21-10-2011 00:00,22.5251915,88.1333062,31.61428588,22.91857093,47.10625839,0.3,43,2011,71.96339144,22.91857093,25.7342859,26.91142872,26.06714303,18.13571412,10.93857166,16.01000037,17.15857165,21.68714278,25.43714278,0.3,0,5.38,16.98571429,0.1,0,7.05,0,0,6.7,31.61428588,33.94571468,33.93714305,31.81999942,33.61285727,25.09571402,25.79142843,28.87285696,31.52999987,32.60714258,47.10625839,23.82074046,69.49566078,82.51894951,7.155826092,64.55898476,39.66199811,31.91076151,24.41995557,49.69234324,71.96339144,68.7057397,81.10951015,84.13017927,38.76124137,59.41894368,62.73559788,61.17435183,62.50704084,82.42165266
15,West Bengal,Howrah,18,21-09-2011 00:00,22.620024,88.2420715,31.00142833,20.11142867,37.63998747,0,44,2011,61.01708167,20.11142867,22.91857093,25.7342859,26.91142872,26.06714303,18.13571412,10.93857166,16.01000037,17.15857165,21.68714278,0,0.3,0,5.38,16.98571429,0.1,0,7.05,0,0,31.00142833,31.61428588,33.94571468,33.93714305,31.81999942,33.61285727,25.09571402,25.79142843,28.87285696,31.52999987,37.63998747,47.10625839,23.82074046,69.49566078,82.51894951,7.155826092,64.55898476,39.66199811,31.91076151,24.41995557,61.01708167,71.96339144,68.7057397,81.10951015,84.13017927,38.76124137,59.41894368,62.73559788,61.17435183,62.50704084
16,West Bengal,Nadia,38,28-07-2012 00:00,23.6884329,86.939827,32.11428615,24.88714273,68.67656199,4.883333333,31,2012,89.69590977,24.88714273,20.11142867,22.91857093,25.7342859,26.91142872,26.06714303,18.13571412,10.93857166,16.01000037,17.15857165,4.883333333,0,0.3,0,5.38,16.98571429,0.1,0,7.05,0,32.11428615,31.00142833,31.61428588,33.94571468,33.93714305,31.81999942,33.61285727,25.09571402,25.79142843,28.87285696,68.67656199,37.63998747,47.10625839,23.82074046,69.49566078,82.51894951,7.155826092,64.55898476,39.66199811,31.91076151,89.69590977,61.01708167,71.96339144,68.7057397,81.10951015,84.13017927,38.76124137,59.41894368,62.73559788,61.17435183
17,West Bengal,Nadia,59,01-09-2012 00:00,23.305544,88.53124,31.59714317,25.20142882,48.00473086,0.3,36,2012,86.01868003,25.20142882,24.88714273,20.11142867,22.91857093,25.7342859,26.91142872,26.06714303,18.13571412,10.93857166,16.01000037,0.3,4.883333333,0,0.3,0,5.38,16.98571429,0.1,0,7.05,31.59714317,32.11428615,31.00142833,31.61428588,33.94571468,33.93714305,31.81999942,33.61285727,25.09571402,25.79142843,48.00473086,68.67656199,37.63998747,47.10625839,23.82074046,69.49566078,82.51894951,7.155826092,64.55898476,39.66199811,86.01868003,89.69590977,61.01708167,71.96339144,68.7057397,81.10951015,84.13017927,38.76124137,59.41894368,62.73559788
18,West Bengal,Nadia,16,13-08-2012 00:00,23.9742977,88.6265475,32.1404,23.87564,43.59492683,0,36,2012,84.54174587,23.87564,25.20142882,24.88714273,20.11142867,22.91857093,25.7342859,26.91142872,26.06714303,18.13571412,10.93857166,0,0.3,4.883333333,0,0.3,0,5.38,16.98571429,0.1,0,32.1404,31.59714317,32.11428615,31.00142833,31.61428588,33.94571468,33.93714305,31.81999942,33.61285727,25.09571402,43.59492683,48.00473086,68.67656199,37.63998747,47.10625839,23.82074046,69.49566078,82.51894951,7.155826092,64.55898476,84.54174587,86.01868003,89.69590977,61.01708167,71.96339144,68.7057397,81.10951015,84.13017927,38.76124137,59.41894368
19,West Bengal,Nadia,29,16-08-2012 00:00,23.433115,88.6319986,32.1404,23.87564,53.72651,0.3,36,2012,85.81276594,23.87564,23.87564,25.20142882,24.88714273,20.11142867,22.91857093,25.7342859,26.91142872,26.06714303,18.13571412,0.3,0,0.3,4.883333333,0,0.3,0,5.38,16.98571429,0.1,32.1404,32.1404,31.59714317,32.11428615,31.00142833,31.61428588,33.94571468,33.93714305,31.81999942,33.61285727,53.72651,43.59492683,48.00473086,68.67656199,37.63998747,47.10625839,23.82074046,69.49566078,82.51894951,7.155826092,85.81276594,84.54174587,86.01868003,89.69590977,61.01708167,71.96339144,68.7057397,81.10951015,84.13017927,38.76124137
20,West Bengal,Nadia,27,21-08-2012 00:00,23.7771941,88.2810904,31.59714317,25.20142882,22.8292071,1.1,36,2012,85.46120235,25.20142882,23.87564,23.87564,25.20142882,24.88714273,20.11142867,22.91857093,25.7342859,26.91142872,26.06714303,1.1,0.3,0,0.3,4.883333333,0,0.3,0,5.38,16.98571429,31.59714317,32.1404,32.1404,31.59714317,32.11428615,31.00142833,31.61428588,33.94571468,33.93714305,31.81999942,22.8292071,53.72651,43.59492683,48.00473086,68.67656199,37.63998747,47.10625839,23.82074046,69.49566078,82.51894951,85.46120235,85.81276594,84.54174587,86.01868003,89.69590977,61.01708167,71.96339144,68.7057397,81.10951015,84.13017927
21,West Bengal,Nadia,27,02-09-2012 00:00,23.0765247,88.5293319,32.80428532,25.84000015,57.08456802,1.75,38,2012,83.36527688,25.84000015,25.20142882,23.87564,23.87564,25.20142882,24.88714273,20.11142867,22.91857093,25.7342859,26.91142872,1.75,1.1,0.3,0,0.3,4.883333333,0,0.3,0,5.38,32.80428532,31.59714317,32.1404,32.1404,31.59714317,32.11428615,31.00142833,31.61428588,33.94571468,33.93714305,57.08456802,22.8292071,53.72651,43.59492683,48.00473086,68.67656199,37.63998747,47.10625839,23.82074046,69.49566078,83.36527688,85.46120235,85.81276594,84.54174587,86.01868003,89.69590977,61.01708167,71.96339144,68.7057397,81.10951015
22,West Bengal,Nadia,26,15-09-2012 00:00,22.9467436,88.5857151,32.80428532,25.84000015,57.08456802,1.7,38,2012,83.60132599,25.84000015,25.84000015,25.20142882,23.87564,23.87564,25.20142882,24.88714273,20.11142867,22.91857093,25.7342859,1.7,1.75,1.1,0.3,0,0.3,4.883333333,0,0.3,0,32.80428532,32.80428532,31.59714317,32.1404,32.1404,31.59714317,32.11428615,31.00142833,31.61428588,33.94571468,57.08456802,57.08456802,22.8292071,53.72651,43.59492683,48.00473086,68.67656199,37.63998747,47.10625839,23.82074046,83.60132599,83.36527688,85.46120235,85.81276594,84.54174587,86.01868003,89.69590977,61.01708167,71.96339144,68.7057397
23,West Bengal,Nadia,37,06-10-2012 00:00,23.5204252,88.5593286,32.14857074,24.26857158,71.86752574,0,41,2012,82.64351,24.26857158,25.84000015,25.84000015,25.20142882,23.87564,23.87564,25.20142882,24.88714273,20.11142867,22.91857093,0,1.7,1.75,1.1,0.3,0,0.3,4.883333333,0,0.3,32.14857074,32.80428532,32.80428532,31.59714317,32.1404,32.1404,31.59714317,32.11428615,31.00142833,31.61428588,71.86752574,57.08456802,57.08456802,22.8292071,53.72651,43.59492683,48.00473086,68.67656199,37.63998747,47.10625839,82.64351,83.60132599,83.36527688,85.46120235,85.81276594,84.54174587,86.01868003,89.69590977,61.01708167,71.96339144
24,West Bengal,North 24 Parganas,376,08-10-2012 00:00,22.6420109,88.4311688,31.80571474,24.97428594,38.39994812,2.766666667,41,2012,79.10686602,24.97428594,24.26857158,25.84000015,25.84000015,25.20142882,23.87564,23.87564,25.20142882,24.88714273,20.11142867,2.766666667,0,1.7,1.75,1.1,0.3,0,0.3,4.883333333,0,31.80571474,32.14857074,32.80428532,32.80428532,31.59714317,32.1404,32.1404,31.59714317,32.11428615,31.00142833,38.39994812,71.86752574,57.08456802,57.08456802,22.8292071,53.72651,43.59492683,48.00473086,68.67656199,37.63998747,79.10686602,82.64351,83.60132599,83.36527688,85.46120235,85.81276594,84.54174587,86.01868003,89.69590977,61.01708167
25,West Bengal,North 24 Parganas,197,11-10-2012 00:00,23.0592517,88.8046865,32.14857074,24.26857158,69.69896444,0,41,2012,84.44484929,24.26857158,24.97428594,24.26857158,25.84000015,25.84000015,25.20142882,23.87564,23.87564,25.20142882,24.88714273,0,2.766666667,0,1.7,1.75,1.1,0.3,0,0.3,4.883333333,32.14857074,31.80571474,32.14857074,32.80428532,32.80428532,31.59714317,32.1404,32.1404,31.59714317,32.11428615,69.69896444,38.39994812,71.86752574,57.08456802,57.08456802,22.8292071,53.72651,43.59492683,48.00473086,68.67656199,84.44484929,79.10686602,82.64351,83.60132599,83.36527688,85.46120235,85.81276594,84.54174587,86.01868003,89.69590977
26,West Bengal,Nadia,31,10-10-2012 00:00,23.4036694,88.3658569,32.38428606,22.12857137,46.02836561,7.4,42,2012,69.31742641,22.12857137,24.26857158,24.97428594,24.26857158,25.84000015,25.84000015,25.20142882,23.87564,23.87564,25.20142882,7.4,0,2.766666667,0,1.7,1.75,1.1,0.3,0,0.3,32.38428606,32.14857074,31.80571474,32.14857074,32.80428532,32.80428532,31.59714317,32.1404,32.1404,31.59714317,46.02836561,69.69896444,38.39994812,71.86752574,57.08456802,57.08456802,22.8292071,53.72651,43.59492683,48.00473086,69.31742641,84.44484929,79.10686602,82.64351,83.60132599,83.36527688,85.46120235,85.81276594,84.54174587,86.01868003
27,West Bengal,Nadia,25,02-09-2012 00:00,22.9605105,88.5674032,32.03000041,20.72285707,39.47049951,0,43,2012,61.76300049,20.72285707,22.12857137,24.26857158,24.97428594,24.26857158,25.84000015,25.84000015,25.20142882,23.87564,23.87564,0,7.4,0,2.766666667,0,1.7,1.75,1.1,0.3,0,32.03000041,32.38428606,32.14857074,31.80571474,32.14857074,32.80428532,32.80428532,31.59714317,32.1404,32.1404,39.47049951,46.02836561,69.69896444,38.39994812,71.86752574,57.08456802,57.08456802,22.8292071,53.72651,43.59492683,61.76300049,69.31742641,84.44484929,79.10686602,82.64351,83.60132599,83.36527688,85.46120235,85.81276594,84.54174587
28,West Bengal,Nadia,49,08-10-2012 00:00,22.9639139,88.576327,32.03000041,20.72285707,39.47049951,0,43,2012,61.76300049,20.72285707,20.72285707,22.12857137,24.26857158,24.97428594,24.26857158,25.84000015,25.84000015,25.20142882,23.87564,0,0,7.4,0,2.766666667,0,1.7,1.75,1.1,0.3,32.03000041,32.03000041,32.38428606,32.14857074,31.80571474,32.14857074,32.80428532,32.80428532,31.59714317,32.1404,39.47049951,39.47049951,46.02836561,69.69896444,38.39994812,71.86752574,57.08456802,57.08456802,22.8292071,53.72651,61.76300049,61.76300049,69.31742641,84.44484929,79.10686602,82.64351,83.60132599,83.36527688,85.46120235,85.81276594
29,West Bengal,Nadia,10,28-10-2012 00:00,23.8540045,88.4815582,29.79428591,18.21571405,38.4027977,4.9,47,2012,65.68863024,18.21571405,20.72285707,20.72285707,22.12857137,24.26857158,24.97428594,24.26857158,25.84000015,25.84000015,25.20142882,4.9,0,0,7.4,0,2.766666667,0,1.7,1.75,1.1,29.79428591,32.03000041,32.03000041,32.38428606,32.14857074,31.80571474,32.14857074,32.80428532,32.80428532,31.59714317,38.4027977,39.47049951,39.47049951,46.02836561,69.69896444,38.39994812,71.86752574,57.08456802,57.08456802,22.8292071,65.68863024,61.76300049,61.76300049,69.31742641,84.44484929,79.10686602,82.64351,83.60132599,83.36527688,85.46120235
30,West  Bengal,Burdwan,173,27-06-2013 00:00,23.5875417,87.1999198,34.08142907,25.94571413,70.89539528,7.166666667,27,2013,83.17920249,25.94571413,18.21571405,20.72285707,20.72285707,22.12857137,24.26857158,24.97428594,24.26857158,25.84000015,25.84000015,7.166666667,4.9,0,0,7.4,0,2.766666667,0,1.7,1.75,34.08142907,29.79428591,32.03000041,32.03000041,32.38428606,32.14857074,31.80571474,32.14857074,32.80428532,32.80428532,70.89539528,38.4027977,39.47049951,39.47049951,46.02836561,69.69896444,38.39994812,71.86752574,57.08456802,57.08456802,83.17920249,65.68863024,61.76300049,61.76300049,69.31742641,84.44484929,79.10686602,82.64351,83.60132599,83.36527688
31,West  Bengal,North 24 Parganas,42,05-07-2013 00:00,22.6846668,88.3706491,33.18714305,26.82571466,66.34122181,6.683333333,28,2013,77.484969,26.82571466,25.94571413,18.21571405,20.72285707,20.72285707,22.12857137,24.26857158,24.97428594,24.26857158,25.84000015,6.683333333,7.166666667,4.9,0,0,7.4,0,2.766666667,0,1.7,33.18714305,34.08142907,29.79428591,32.03000041,32.03000041,32.38428606,32.14857074,31.80571474,32.14857074,32.80428532,66.34122181,70.89539528,38.4027977,39.47049951,39.47049951,46.02836561,69.69896444,38.39994812,71.86752574,57.08456802,77.484969,83.17920249,65.68863024,61.76300049,61.76300049,69.31742641,84.44484929,79.10686602,82.64351,83.60132599
32,West Bengal,Burdwan,305,27-06-2013 00:00,23.5875417,87.1999198,33.6314294,25.73000009,58.79311562,2.366666667,28,2013,80.1343362,25.73000009,26.82571466,25.94571413,18.21571405,20.72285707,20.72285707,22.12857137,24.26857158,24.97428594,24.26857158,2.366666667,6.683333333,7.166666667,4.9,0,0,7.4,0,2.766666667,0,33.6314294,33.18714305,34.08142907,29.79428591,32.03000041,32.03000041,32.38428606,32.14857074,31.80571474,32.14857074,58.79311562,66.34122181,70.89539528,38.4027977,39.47049951,39.47049951,46.02836561,69.69896444,38.39994812,71.86752574,80.1343362,77.484969,83.17920249,65.68863024,61.76300049,61.76300049,69.31742641,84.44484929,79.10686602,82.64351
33,West Bengal,Burdwan,372,27-06-2013 00:00,23.5875417,87.1999198,33.49000113,25.725714,64.60736752,1.828571429,29,2013,77.3468192,25.725714,25.73000009,26.82571466,25.94571413,18.21571405,20.72285707,20.72285707,22.12857137,24.26857158,24.97428594,1.828571429,2.366666667,6.683333333,7.166666667,4.9,0,0,7.4,0,2.766666667,33.49000113,33.6314294,33.18714305,34.08142907,29.79428591,32.03000041,32.03000041,32.38428606,32.14857074,31.80571474,64.60736752,58.79311562,66.34122181,70.89539528,38.4027977,39.47049951,39.47049951,46.02836561,69.69896444,38.39994812,77.3468192,80.1343362,77.484969,83.17920249,65.68863024,61.76300049,61.76300049,69.31742641,84.44484929,79.10686602
34,West Bengal,Burdwan,36,15-08-2013 00:00,23.6129028,87.1160096,32.78857122,24.78428568,57.53794225,9,33,2013,87.43043954,24.78428568,25.725714,25.73000009,26.82571466,25.94571413,18.21571405,20.72285707,20.72285707,22.12857137,24.26857158,9,1.828571429,2.366666667,6.683333333,7.166666667,4.9,0,0,7.4,0,32.78857122,33.49000113,33.6314294,33.18714305,34.08142907,29.79428591,32.03000041,32.03000041,32.38428606,32.14857074,57.53794225,64.60736752,58.79311562,66.34122181,70.89539528,38.4027977,39.47049951,39.47049951,46.02836561,69.69896444,87.43043954,77.3468192,80.1343362,77.484969,83.17920249,65.68863024,61.76300049,61.76300049,69.31742641,84.44484929
35,West Bengal,Jalpaiguri,189,01-08-2013 00:00,25.837576,90.059631,31.21285711,23.75857135,57.32823181,8.5,33,2013,86.05320849,23.75857135,24.78428568,25.725714,25.73000009,26.82571466,25.94571413,18.21571405,20.72285707,20.72285707,22.12857137,8.5,9,1.828571429,2.366666667,6.683333333,7.166666667,4.9,0,0,7.4,31.21285711,32.78857122,33.49000113,33.6314294,33.18714305,34.08142907,29.79428591,32.03000041,32.03000041,32.38428606,57.32823181,57.53794225,64.60736752,58.79311562,66.34122181,70.89539528,38.4027977,39.47049951,39.47049951,46.02836561,86.05320849,87.43043954,77.3468192,80.1343362,77.484969,83.17920249,65.68863024,61.76300049,61.76300049,69.31742641
36,West Bengal,Burdwan,86,15-08-2013 00:00,23.6069558,87.1110305,31.84428515,25.14714296,70.88541508,15.525,35,2013,89.00522395,25.14714296,23.75857135,24.78428568,25.725714,25.73000009,26.82571466,25.94571413,18.21571405,20.72285707,20.72285707,15.525,8.5,9,1.828571429,2.366666667,6.683333333,7.166666667,4.9,0,0,31.84428515,31.21285711,32.78857122,33.49000113,33.6314294,33.18714305,34.08142907,29.79428591,32.03000041,32.03000041,70.88541508,57.32823181,57.53794225,64.60736752,58.79311562,66.34122181,70.89539528,38.4027977,39.47049951,39.47049951,89.00522395,86.05320849,87.43043954,77.3468192,80.1343362,77.484969,83.17920249,65.68863024,61.76300049,61.76300049
37,West Bengal,Burdwan,17,29-08-2013 00:00,23.6888636,86.9660638,33.51285716,25.33571434,72.54458618,9.15,36,2013,83.38630131,25.33571434,25.14714296,23.75857135,24.78428568,25.725714,25.73000009,26.82571466,25.94571413,18.21571405,20.72285707,9.15,15.525,8.5,9,1.828571429,2.366666667,6.683333333,7.166666667,4.9,0,33.51285716,31.84428515,31.21285711,32.78857122,33.49000113,33.6314294,33.18714305,34.08142907,29.79428591,32.03000041,72.54458618,70.88541508,57.32823181,57.53794225,64.60736752,58.79311562,66.34122181,70.89539528,38.4027977,39.47049951,83.38630131,89.00522395,86.05320849,87.43043954,77.3468192,80.1343362,77.484969,83.17920249,65.68863024,61.76300049
38,West Bengal,"Darjeeling, Jalpaiguri",530,30-08-2013 00:00,26.7271012,88.3952861,29.50857108,21.37857165,85.75823212,37,36,2013,90.02729906,21.37857165,25.33571434,25.14714296,23.75857135,24.78428568,25.725714,25.73000009,26.82571466,25.94571413,18.21571405,37,9.15,15.525,8.5,9,1.828571429,2.366666667,6.683333333,7.166666667,4.9,29.50857108,33.51285716,31.84428515,31.21285711,32.78857122,33.49000113,33.6314294,33.18714305,34.08142907,29.79428591,85.75823212,72.54458618,70.88541508,57.32823181,57.53794225,64.60736752,58.79311562,66.34122181,70.89539528,38.4027977,90.02729906,83.38630131,89.00522395,86.05320849,87.43043954,77.3468192,80.1343362,77.484969,83.17920249,65.68863024
39,West Bengal,Nadia,35,20-08-2013 00:00,23.7295581,88.5299428,33.274286,25.99428558,53.43123118,0,36,2013,85.15936715,25.99428558,21.37857165,25.33571434,25.14714296,23.75857135,24.78428568,25.725714,25.73000009,26.82571466,25.94571413,0,37,9.15,15.525,8.5,9,1.828571429,2.366666667,6.683333333,7.166666667,33.274286,29.50857108,33.51285716,31.84428515,31.21285711,32.78857122,33.49000113,33.6314294,33.18714305,34.08142907,53.43123118,85.75823212,72.54458618,70.88541508,57.32823181,57.53794225,64.60736752,58.79311562,66.34122181,70.89539528,85.15936715,90.02729906,83.38630131,89.00522395,86.05320849,87.43043954,77.3468192,80.1343362,77.484969,83.17920249
40,West Bengal,Nadia,26,28-08-2013 00:00,23.3599623,88.6057854,33.274286,25.99428558,46.16474279,1.72,36,2013,85.76613944,25.99428558,25.99428558,21.37857165,25.33571434,25.14714296,23.75857135,24.78428568,25.725714,25.73000009,26.82571466,1.72,0,37,9.15,15.525,8.5,9,1.828571429,2.366666667,6.683333333,33.274286,33.274286,29.50857108,33.51285716,31.84428515,31.21285711,32.78857122,33.49000113,33.6314294,33.18714305,46.16474279,53.43123118,85.75823212,72.54458618,70.88541508,57.32823181,57.53794225,64.60736752,58.79311562,66.34122181,85.76613944,85.15936715,90.02729906,83.38630131,89.00522395,86.05320849,87.43043954,77.3468192,80.1343362,77.484969
41,West Bengal,Nadia,26,15-08-2013 00:00,23.2691698,88.3814257,33.13428552,26.07571466,63.46680705,5.02,38,2013,85.96790532,26.07571466,25.99428558,25.99428558,21.37857165,25.33571434,25.14714296,23.75857135,24.78428568,25.725714,25.73000009,5.02,1.72,0,37,9.15,15.525,8.5,9,1.828571429,2.366666667,33.13428552,33.274286,33.274286,29.50857108,33.51285716,31.84428515,31.21285711,32.78857122,33.49000113,33.6314294,63.46680705,46.16474279,53.43123118,85.75823212,72.54458618,70.88541508,57.32823181,57.53794225,64.60736752,58.79311562,85.96790532,85.76613944,85.15936715,90.02729906,83.38630131,89.00522395,86.05320849,87.43043954,77.3468192,80.1343362
42,West Bengal,Murshidabad,27,05-10-2013 00:00,24.1279467,88.6904272,32.1404,23.87564,53.72651,11.13333333,42,2013,85.82609013,23.87564,26.07571466,25.99428558,25.99428558,21.37857165,25.33571434,25.14714296,23.75857135,24.78428568,25.725714,11.13333333,5.02,1.72,0,37,9.15,15.525,8.5,9,1.828571429,32.1404,33.13428552,33.274286,33.274286,29.50857108,33.51285716,31.84428515,31.21285711,32.78857122,33.49000113,53.72651,63.46680705,46.16474279,53.43123118,85.75823212,72.54458618,70.88541508,57.32823181,57.53794225,64.60736752,85.82609013,85.96790532,85.76613944,85.15936715,90.02729906,83.38630131,89.00522395,86.05320849,87.43043954,77.3468192
43,West Bengal,Jalpaiguri,76,16-10-2013 00:00,26.573409,89.015979,26.54428591,17.9014285,73.44122791,4.84,43,2013,80.62010738,17.9014285,23.87564,26.07571466,25.99428558,25.99428558,21.37857165,25.33571434,25.14714296,23.75857135,24.78428568,4.84,11.13333333,5.02,1.72,0,37,9.15,15.525,8.5,9,26.54428591,32.1404,33.13428552,33.274286,33.274286,29.50857108,33.51285716,31.84428515,31.21285711,32.78857122,73.44122791,53.72651,63.46680705,46.16474279,53.43123118,85.75823212,72.54458618,70.88541508,57.32823181,57.53794225,80.62010738,85.82609013,85.96790532,85.76613944,85.15936715,90.02729906,83.38630131,89.00522395,86.05320849,87.43043954
44,West Bengal,Nadia,51,23-10-2013 00:00,23.3943067,88.3811903,31,20.16142872,72.70899963,0,44,2013,74.19552067,20.16142872,17.9014285,23.87564,26.07571466,25.99428558,25.99428558,21.37857165,25.33571434,25.14714296,23.75857135,0,4.84,11.13333333,5.02,1.72,0,37,9.15,15.525,8.5,31,26.54428591,32.1404,33.13428552,33.274286,33.274286,29.50857108,33.51285716,31.84428515,31.21285711,72.70899963,73.44122791,53.72651,63.46680705,46.16474279,53.43123118,85.75823212,72.54458618,70.88541508,57.32823181,74.19552067,80.62010738,85.82609013,85.96790532,85.76613944,85.15936715,90.02729906,83.38630131,89.00522395,86.05320849
45,West Bengal,Tumkur,18,08-08-2014 00:00,12.9832529,77.5957328,31.14999962,20.95857157,66.19567566,3.48,33,2014,78.38724518,20.95857157,20.16142872,17.9014285,23.87564,26.07571466,25.99428558,25.99428558,21.37857165,25.33571434,25.14714296,3.48,0,4.84,11.13333333,5.02,1.72,0,37,9.15,15.525,31.14999962,31,26.54428591,32.1404,33.13428552,33.274286,33.274286,29.50857108,33.51285716,31.84428515,66.19567566,72.70899963,73.44122791,53.72651,63.46680705,46.16474279,53.43123118,85.75823212,72.54458618,70.88541508,78.38724518,74.19552067,80.62010738,85.82609013,85.96790532,85.76613944,85.15936715,90.02729906,83.38630131,89.00522395
46,West Bengal,North 24 Parganas,48,14-08-2014 00:00,22.7969417,88.7758503,32.98000009,26.61428588,63.58085378,8.885714286,34,2014,86.74552591,26.61428588,20.95857157,20.16142872,17.9014285,23.87564,26.07571466,25.99428558,25.99428558,21.37857165,25.33571434,8.885714286,3.48,0,4.84,11.13333333,5.02,1.72,0,37,9.15,32.98000009,31.14999962,31,26.54428591,32.1404,33.13428552,33.274286,33.274286,29.50857108,33.51285716,63.58085378,66.19567566,72.70899963,73.44122791,53.72651,63.46680705,46.16474279,53.43123118,85.75823212,72.54458618,86.74552591,78.38724518,74.19552067,80.62010738,85.82609013,85.96790532,85.76613944,85.15936715,90.02729906,83.38630131
47,West Bengal,North 24 Parganas,647,14-08-2014 00:00,22.6236287,88.44098,32.98000009,26.61428588,29.72048068,5.933333333,34,2014,82.51858956,26.61428588,26.61428588,20.95857157,20.16142872,17.9014285,23.87564,26.07571466,25.99428558,25.99428558,21.37857165,5.933333333,8.885714286,3.48,0,4.84,11.13333333,5.02,1.72,0,37,32.98000009,32.98000009,31.14999962,31,26.54428591,32.1404,33.13428552,33.274286,33.274286,29.50857108,29.72048068,63.58085378,66.19567566,72.70899963,73.44122791,53.72651,63.46680705,46.16474279,53.43123118,85.75823212,82.51858956,86.74552591,78.38724518,74.19552067,80.62010738,85.82609013,85.96790532,85.76613944,85.15936715,90.02729906
48,West Bengal,Hooghly,59,29-08-2014 00:00,22.7606996,87.7628028,32.17714282,26.23285702,48.90840531,6.26,35,2014,88.97592272,26.23285702,26.61428588,26.61428588,20.95857157,20.16142872,17.9014285,23.87564,26.07571466,25.99428558,25.99428558,6.26,5.933333333,8.885714286,3.48,0,4.84,11.13333333,5.02,1.72,0,32.17714282,32.98000009,32.98000009,31.14999962,31,26.54428591,32.1404,33.13428552,33.274286,33.274286,48.90840531,29.72048068,63.58085378,66.19567566,72.70899963,73.44122791,53.72651,63.46680705,46.16474279,53.43123118,88.97592272,82.51858956,86.74552591,78.38724518,74.19552067,80.62010738,85.82609013,85.96790532,85.76613944,85.15936715
49,West Bengal,Hooghly,164,29-08-2014 00:00,22.6603528,88.1901046,32.22142846,26.37714277,56.10475159,15.28,35,2014,85.10073744,26.37714277,26.23285702,26.61428588,26.61428588,20.95857157,20.16142872,17.9014285,23.87564,26.07571466,25.99428558,15.28,6.26,5.933333333,8.885714286,3.48,0,4.84,11.13333333,5.02,1.72,32.22142846,32.17714282,32.98000009,32.98000009,31.14999962,31,26.54428591,32.1404,33.13428552,33.274286,56.10475159,48.90840531,29.72048068,63.58085378,66.19567566,72.70899963,73.44122791,53.72651,63.46680705,46.16474279,85.10073744,88.97592272,82.51858956,86.74552591,78.38724518,74.19552067,80.62010738,85.82609013,85.96790532,85.76613944
50,West Bengal,North 24 Parganas,884,11-08-2014 00:00,22.8380751,88.7036731,32.22142846,26.37714277,44.41297198,6,35,2014,87.83250754,26.37714277,26.37714277,26.23285702,26.61428588,26.61428588,20.95857157,20.16142872,17.9014285,23.87564,26.07571466,6,15.28,6.26,5.933333333,8.885714286,3.48,0,4.84,11.13333333,5.02,32.22142846,32.22142846,32.17714282,32.98000009,32.98000009,31.14999962,31,26.54428591,32.1404,33.13428552,44.41297198,56.10475159,48.90840531,29.72048068,63.58085378,66.19567566,72.70899963,73.44122791,53.72651,63.46680705,87.83250754,85.10073744,88.97592272,82.51858956,86.74552591,78.38724518,74.19552067,80.62010738,85.82609013,85.96790532
51,West Bengal,Birbhum,152,29-09-2014 00:00,24.2858676,87.8228952,33.66428593,25.86142867,76.46726036,2.18,36,2014,82.0142528,25.86142867,26.37714277,26.37714277,26.23285702,26.61428588,26.61428588,20.95857157,20.16142872,17.9014285,23.87564,2.18,6,15.28,6.26,5.933333333,8.885714286,3.48,0,4.84,11.13333333,33.66428593,32.22142846,32.22142846,32.17714282,32.98000009,32.98000009,31.14999962,31,26.54428591,32.1404,76.46726036,44.41297198,56.10475159,48.90840531,29.72048068,63.58085378,66.19567566,72.70899963,73.44122791,53.72651,82.0142528,87.83250754,85.10073744,88.97592272,82.51858956,86.74552591,78.38724518,74.19552067,80.62010738,85.82609013
52,West Bengal,North 24 Parganas,225,22-09-2014 00:00,22.6872009,88.6494589,32.60571453,25.61857169,46.8028903,6.55,41,2014,81.97210148,25.61857169,25.86142867,26.37714277,26.37714277,26.23285702,26.61428588,26.61428588,20.95857157,20.16142872,17.9014285,6.55,2.18,6,15.28,6.26,5.933333333,8.885714286,3.48,0,4.84,32.60571453,33.66428593,32.22142846,32.22142846,32.17714282,32.98000009,32.98000009,31.14999962,31,26.54428591,46.8028903,76.46726036,44.41297198,56.10475159,48.90840531,29.72048068,63.58085378,66.19567566,72.70899963,73.44122791,81.97210148,82.0142528,87.83250754,85.10073744,88.97592272,82.51858956,86.74552591,78.38724518,74.19552067,80.62010738
53,West Bengal,Birbhum,28,10-07-2014 00:00,24.5104696,87.8275599,30.96285738,20.47285707,54.73252392,0,43,2014,76.74308559,20.47285707,25.61857169,25.86142867,26.37714277,26.37714277,26.23285702,26.61428588,26.61428588,20.95857157,20.16142872,0,6.55,2.18,6,15.28,6.26,5.933333333,8.885714286,3.48,0,30.96285738,32.60571453,33.66428593,32.22142846,32.22142846,32.17714282,32.98000009,32.98000009,31.14999962,31,54.73252392,46.8028903,76.46726036,44.41297198,56.10475159,48.90840531,29.72048068,63.58085378,66.19567566,72.70899963,76.74308559,81.97210148,82.0142528,87.83250754,85.10073744,88.97592272,82.51858956,86.74552591,78.38724518,74.19552067
54,West Bengal,Birbhum,82,07-10-2014 00:00,24.2975043,87.8270133,30.96285738,20.47285707,51.57202721,0.25,43,2014,75.66626413,20.47285707,20.47285707,25.61857169,25.86142867,26.37714277,26.37714277,26.23285702,26.61428588,26.61428588,20.95857157,0.25,0,6.55,2.18,6,15.28,6.26,5.933333333,8.885714286,3.48,30.96285738,30.96285738,32.60571453,33.66428593,32.22142846,32.22142846,32.17714282,32.98000009,32.98000009,31.14999962,51.57202721,54.73252392,46.8028903,76.46726036,44.41297198,56.10475159,48.90840531,29.72048068,63.58085378,66.19567566,75.66626413,76.74308559,81.97210148,82.0142528,87.83250754,85.10073744,88.97592272,82.51858956,86.74552591,78.38724518
55,West Bengal,Malda,32,28-10-2014 00:00,24.8786824,88.0184185,30.76857104,18.6285711,51.76805496,0,44,2014,72.01400103,18.6285711,20.47285707,20.47285707,25.61857169,25.86142867,26.37714277,26.37714277,26.23285702,26.61428588,26.61428588,0,0.25,0,6.55,2.18,6,15.28,6.26,5.933333333,8.885714286,30.76857104,30.96285738,30.96285738,32.60571453,33.66428593,32.22142846,32.22142846,32.17714282,32.98000009,32.98000009,51.76805496,51.57202721,54.73252392,46.8028903,76.46726036,44.41297198,56.10475159,48.90840531,29.72048068,63.58085378,72.01400103,75.66626413,76.74308559,81.97210148,82.0142528,87.83250754,85.10073744,88.97592272,82.51858956,86.74552591
56,West Bengal,Malda,76,28-10-2014 00:00,24.8069707,87.9657961,32.1404,23.87564,51.79607678,0,44,2014,72.01400103,23.87564,18.6285711,20.47285707,20.47285707,25.61857169,25.86142867,26.37714277,26.37714277,26.23285702,26.61428588,0,0,0.25,0,6.55,2.18,6,15.28,6.26,5.933333333,32.1404,30.76857104,30.96285738,30.96285738,32.60571453,33.66428593,32.22142846,32.22142846,32.17714282,32.98000009,51.79607678,51.76805496,51.57202721,54.73252392,46.8028903,76.46726036,44.41297198,56.10475159,48.90840531,29.72048068,72.01400103,72.01400103,75.66626413,76.74308559,81.97210148,82.0142528,87.83250754,85.10073744,88.97592272,82.51858956
57,West Bengal,Hooghly,39,13-11-2014 00:00,22.751128,88.3405544,29.387143,15.42857156,40.33594465,0,47,2014,61.49310575,15.42857156,23.87564,18.6285711,20.47285707,20.47285707,25.61857169,25.86142867,26.37714277,26.37714277,26.23285702,0,0,0,0.25,0,6.55,2.18,6,15.28,6.26,29.387143,32.1404,30.76857104,30.96285738,30.96285738,32.60571453,33.66428593,32.22142846,32.22142846,32.17714282,40.33594465,51.79607678,51.76805496,51.57202721,54.73252392,46.8028903,76.46726036,44.41297198,56.10475159,48.90840531,61.49310575,72.01400103,72.01400103,75.66626413,76.74308559,81.97210148,82.0142528,87.83250754,85.10073744,88.97592272
58,West Bengal,Murshidabad,77,31-10-2014 00:00,24.7177564,87.9328282,32.1404,23.87564,42.86406708,0,47,2014,64.60750144,23.87564,15.42857156,23.87564,18.6285711,20.47285707,20.47285707,25.61857169,25.86142867,26.37714277,26.37714277,0,0,0,0,0.25,0,6.55,2.18,6,15.28,32.1404,29.387143,32.1404,30.76857104,30.96285738,30.96285738,32.60571453,33.66428593,32.22142846,32.22142846,42.86406708,40.33594465,51.79607678,51.76805496,51.57202721,54.73252392,46.8028903,76.46726036,44.41297198,56.10475159,64.60750144,61.49310575,72.01400103,72.01400103,75.66626413,76.74308559,81.97210148,82.0142528,87.83250754,85.10073744
59,West Bengal,Hooghly,40,13-11-2014 00:00,22.751128,88.3405544,25.27714266,12.67857143,68.1693449,0,51,2014,65.45255661,12.67857143,23.87564,15.42857156,23.87564,18.6285711,20.47285707,20.47285707,25.61857169,25.86142867,26.37714277,0,0,0,0,0,0.25,0,6.55,2.18,6,25.27714266,32.1404,29.387143,32.1404,30.76857104,30.96285738,30.96285738,32.60571453,33.66428593,32.22142846,68.1693449,42.86406708,40.33594465,51.79607678,51.76805496,51.57202721,54.73252392,46.8028903,76.46726036,44.41297198,65.45255661,64.60750144,61.49310575,72.01400103,72.01400103,75.66626413,76.74308559,81.97210148,82.0142528,87.83250754
60,West Bengal,Nadia,108,28-08-2015 00:00,23.9977554,88.6623921,32.1404,23.87564,62.82605457,0,36,2015,79.91918509,23.87564,12.67857143,23.87564,15.42857156,23.87564,18.6285711,20.47285707,20.47285707,25.61857169,25.86142867,0,0,0,0,0,0,0.25,0,6.55,2.18,32.1404,25.27714266,32.1404,29.387143,32.1404,30.76857104,30.96285738,30.96285738,32.60571453,33.66428593,62.82605457,68.1693449,42.86406708,40.33594465,51.79607678,51.76805496,51.57202721,54.73252392,46.8028903,76.46726036,79.91918509,65.45255661,64.60750144,61.49310575,72.01400103,72.01400103,75.66626413,76.74308559,81.97210148,82.0142528
61,West Bengal,Purba Medinipur,41,27-08-2015 00:00,22.3996017,87.818129,35.33857128,26.45571409,27.51227904,12.75,36,2015,76.00084468,26.45571409,23.87564,12.67857143,23.87564,15.42857156,23.87564,18.6285711,20.47285707,20.47285707,25.61857169,12.75,0,0,0,0,0,0,0.25,0,6.55,35.33857128,32.1404,25.27714266,32.1404,29.387143,32.1404,30.76857104,30.96285738,30.96285738,32.60571453,27.51227904,62.82605457,68.1693449,42.86406708,40.33594465,51.79607678,51.76805496,51.57202721,54.73252392,46.8028903,76.00084468,79.91918509,65.45255661,64.60750144,61.49310575,72.01400103,72.01400103,75.66626413,76.74308559,81.97210148
62,West Bengal,Burdwan,36,11-09-2015 00:00,23.2666054,87.8726204,34.40000044,25.43142891,16.99436506,3.6,37,2015,79.37663923,25.43142891,26.45571409,23.87564,12.67857143,23.87564,15.42857156,23.87564,18.6285711,20.47285707,20.47285707,3.6,12.75,0,0,0,0,0,0,0.25,0,34.40000044,35.33857128,32.1404,25.27714266,32.1404,29.387143,32.1404,30.76857104,30.96285738,30.96285738,16.99436506,27.51227904,62.82605457,68.1693449,42.86406708,40.33594465,51.79607678,51.76805496,51.57202721,54.73252392,79.37663923,76.00084468,79.91918509,65.45255661,64.60750144,61.49310575,72.01400103,72.01400103,75.66626413,76.74308559
63,West Bengal,Nadia,123,28-08-2015 00:00,23.9977554,88.6623921,32.1404,23.87564,62.88134098,0,37,2015,78.34334346,23.87564,25.43142891,26.45571409,23.87564,12.67857143,23.87564,15.42857156,23.87564,18.6285711,20.47285707,0,3.6,12.75,0,0,0,0,0,0,0.25,32.1404,34.40000044,35.33857128,32.1404,25.27714266,32.1404,29.387143,32.1404,30.76857104,30.96285738,62.88134098,16.99436506,27.51227904,62.82605457,68.1693449,42.86406708,40.33594465,51.79607678,51.76805496,51.57202721,78.34334346,79.37663923,76.00084468,79.91918509,65.45255661,64.60750144,61.49310575,72.01400103,72.01400103,75.66626413
64,West Bengal,Purba Medinipur,41,02-08-2015 00:00,22.2763539,87.9034439,33.61285727,26.72142873,15.04186217,9.78,37,2015,81.17518834,26.72142873,23.87564,25.43142891,26.45571409,23.87564,12.67857143,23.87564,15.42857156,23.87564,18.6285711,9.78,0,3.6,12.75,0,0,0,0,0,0,33.61285727,32.1404,34.40000044,35.33857128,32.1404,25.27714266,32.1404,29.387143,32.1404,30.76857104,15.04186217,62.88134098,16.99436506,27.51227904,62.82605457,68.1693449,42.86406708,40.33594465,51.79607678,51.76805496,81.17518834,78.34334346,79.37663923,76.00084468,79.91918509,65.45255661,64.60750144,61.49310575,72.01400103,72.01400103
65,West Bengal,Burdwan,36,11-09-2015 00:00,23.2666054,87.8726204,34.27285603,24.20142855,36.12052727,17.1,39,2015,75.29116712,24.20142855,26.72142873,23.87564,25.43142891,26.45571409,23.87564,12.67857143,23.87564,15.42857156,23.87564,17.1,9.78,0,3.6,12.75,0,0,0,0,0,34.27285603,33.61285727,32.1404,34.40000044,35.33857128,32.1404,25.27714266,32.1404,29.387143,32.1404,36.12052727,15.04186217,62.88134098,16.99436506,27.51227904,62.82605457,68.1693449,42.86406708,40.33594465,51.79607678,75.29116712,81.17518834,78.34334346,79.37663923,76.00084468,79.91918509,65.45255661,64.60750144,61.49310575,72.01400103
66,West Bengal,Purba Medinipur,40,22-09-2015 00:00,22.3764734,87.8616789,34.10000011,25.76285716,69.27982426,41.5,39,2015,75.45950862,25.76285716,24.20142855,26.72142873,23.87564,25.43142891,26.45571409,23.87564,12.67857143,23.87564,15.42857156,41.5,17.1,9.78,0,3.6,12.75,0,0,0,0,34.10000011,34.27285603,33.61285727,32.1404,34.40000044,35.33857128,32.1404,25.27714266,32.1404,29.387143,69.27982426,36.12052727,15.04186217,62.88134098,16.99436506,27.51227904,62.82605457,68.1693449,42.86406708,40.33594465,75.45950862,75.29116712,81.17518834,78.34334346,79.37663923,76.00084468,79.91918509,65.45255661,64.60750144,61.49310575
67,West Bengal,Birbhum,26,24-09-2015 00:00,23.932103,87.7851063,34.61571394,24.82142857,47.42972565,1.1,40,2015,75.170784,24.82142857,25.76285716,24.20142855,26.72142873,23.87564,25.43142891,26.45571409,23.87564,12.67857143,23.87564,1.1,41.5,17.1,9.78,0,3.6,12.75,0,0,0,34.61571394,34.10000011,34.27285603,33.61285727,32.1404,34.40000044,35.33857128,32.1404,25.27714266,32.1404,47.42972565,69.27982426,36.12052727,15.04186217,62.88134098,16.99436506,27.51227904,62.82605457,68.1693449,42.86406708,75.170784,75.45950862,75.29116712,81.17518834,78.34334346,79.37663923,76.00084468,79.91918509,65.45255661,64.60750144
68,West Bengal,Birbhum,112,24-09-2015 00:00,23.932103,87.7851063,33.43857193,23.20571436,45.08861033,18.7,41,2015,73.00211225,23.20571436,24.82142857,25.76285716,24.20142855,26.72142873,23.87564,25.43142891,26.45571409,23.87564,12.67857143,18.7,1.1,41.5,17.1,9.78,0,3.6,12.75,0,0,33.43857193,34.61571394,34.10000011,34.27285603,33.61285727,32.1404,34.40000044,35.33857128,32.1404,25.27714266,45.08861033,47.42972565,69.27982426,36.12052727,15.04186217,62.88134098,16.99436506,27.51227904,62.82605457,68.1693449,73.00211225,75.170784,75.45950862,75.29116712,81.17518834,78.34334346,79.37663923,76.00084468,79.91918509,65.45255661
69,West Bengal,Birbhum,286,05-10-2015 00:00,24.4404094,87.8573107,33.01428522,22.6528571,50.15117836,2.95,42,2015,76.54967172,22.6528571,23.20571436,24.82142857,25.76285716,24.20142855,26.72142873,23.87564,25.43142891,26.45571409,23.87564,2.95,18.7,1.1,41.5,17.1,9.78,0,3.6,12.75,0,33.01428522,33.43857193,34.61571394,34.10000011,34.27285603,33.61285727,32.1404,34.40000044,35.33857128,32.1404,50.15117836,45.08861033,47.42972565,69.27982426,36.12052727,15.04186217,62.88134098,16.99436506,27.51227904,62.82605457,76.54967172,73.00211225,75.170784,75.45950862,75.29116712,81.17518834,78.34334346,79.37663923,76.00084468,79.91918509
70,West Bengal,Nadia,133,28-08-2015 00:00,22.9605105,88.5674032,32.9828573,21.59285709,40.53757604,0,43,2015,63.17604283,21.59285709,22.6528571,23.20571436,24.82142857,25.76285716,24.20142855,26.72142873,23.87564,25.43142891,26.45571409,0,2.95,18.7,1.1,41.5,17.1,9.78,0,3.6,12.75,32.9828573,33.01428522,33.43857193,34.61571394,34.10000011,34.27285603,33.61285727,32.1404,34.40000044,35.33857128,40.53757604,50.15117836,45.08861033,47.42972565,69.27982426,36.12052727,15.04186217,62.88134098,16.99436506,27.51227904,63.17604283,76.54967172,73.00211225,75.170784,75.45950862,75.29116712,81.17518834,78.34334346,79.37663923,76.00084468
71,West Bengal,Birbhum,284,05-10-2015 00:00,24.4404094,87.8573107,30.8557148,20.02571433,43.65665245,6.8,44,2015,72.88609859,20.02571433,21.59285709,22.6528571,23.20571436,24.82142857,25.76285716,24.20142855,26.72142873,23.87564,25.43142891,6.8,0,2.95,18.7,1.1,41.5,17.1,9.78,0,3.6,30.8557148,32.9828573,33.01428522,33.43857193,34.61571394,34.10000011,34.27285603,33.61285727,32.1404,34.40000044,43.65665245,40.53757604,50.15117836,45.08861033,47.42972565,69.27982426,36.12052727,15.04186217,62.88134098,16.99436506,72.88609859,63.17604283,76.54967172,73.00211225,75.170784,75.45950862,75.29116712,81.17518834,78.34334346,79.37663923
72,West Bengal,Dakshin Dinajpur,100,03-11-2015 00:00,25.2201719,88.5779226,29.75714302,18.22714288,53.20514584,0,45,2015,73.71502468,18.22714288,20.02571433,21.59285709,22.6528571,23.20571436,24.82142857,25.76285716,24.20142855,26.72142873,23.87564,0,6.8,0,2.95,18.7,1.1,41.5,17.1,9.78,0,29.75714302,30.8557148,32.9828573,33.01428522,33.43857193,34.61571394,34.10000011,34.27285603,33.61285727,32.1404,53.20514584,43.65665245,40.53757604,50.15117836,45.08861033,47.42972565,69.27982426,36.12052727,15.04186217,62.88134098,73.71502468,72.88609859,63.17604283,76.54967172,73.00211225,75.170784,75.45950862,75.29116712,81.17518834,78.34334346
73,West Bengal,Bardhaman,59,08-12-2015 00:00,23.5204443,87.3119227,25.72714288,14.83571448,35.35139227,0,50,2015,74.10625785,14.83571448,18.22714288,20.02571433,21.59285709,22.6528571,23.20571436,24.82142857,25.76285716,24.20142855,26.72142873,0,0,6.8,0,2.95,18.7,1.1,41.5,17.1,9.78,25.72714288,29.75714302,30.8557148,32.9828573,33.01428522,33.43857193,34.61571394,34.10000011,34.27285603,33.61285727,35.35139227,53.20514584,43.65665245,40.53757604,50.15117836,45.08861033,47.42972565,69.27982426,36.12052727,15.04186217,74.10625785,73.71502468,72.88609859,63.17604283,76.54967172,73.00211225,75.170784,75.45950862,75.29116712,81.17518834
74,West Bengal,Hooghly,457,07-11-2016 00:00,22.751128,88.3405544,32.58428574,26.51714298,79.22389412,16.58571429,28,2016,83.8740496,26.51714298,14.83571448,18.22714288,20.02571433,21.59285709,22.6528571,23.20571436,24.82142857,25.76285716,24.20142855,16.58571429,0,0,6.8,0,2.95,18.7,1.1,41.5,17.1,32.58428574,25.72714288,29.75714302,30.8557148,32.9828573,33.01428522,33.43857193,34.61571394,34.10000011,34.27285603,79.22389412,35.35139227,53.20514584,43.65665245,40.53757604,50.15117836,45.08861033,47.42972565,69.27982426,36.12052727,83.8740496,74.10625785,73.71502468,72.88609859,63.17604283,76.54967172,73.00211225,75.170784,75.45950862,75.29116712
75,West Bengal,Hooghly,1109,07-11-2016 00:00,22.751128,88.3405544,31.60999979,26.01142883,51.41121864,13.45,30,2016,85.90197972,26.01142883,26.51714298,14.83571448,18.22714288,20.02571433,21.59285709,22.6528571,23.20571436,24.82142857,25.76285716,13.45,16.58571429,0,0,6.8,0,2.95,18.7,1.1,41.5,31.60999979,32.58428574,25.72714288,29.75714302,30.8557148,32.9828573,33.01428522,33.43857193,34.61571394,34.10000011,51.41121864,79.22389412,35.35139227,53.20514584,43.65665245,40.53757604,50.15117836,45.08861033,47.42972565,69.27982426,85.90197972,83.8740496,74.10625785,73.71502468,72.88609859,63.17604283,76.54967172,73.00211225,75.170784,75.45950862
76,West Bengal,Hooghly,1491,23-08-2016 00:00,22.751128,88.3405544,32.71571405,26.15571431,22.81139628,9.833333333,33,2016,83.12918745,26.15571431,26.01142883,26.51714298,14.83571448,18.22714288,20.02571433,21.59285709,22.6528571,23.20571436,24.82142857,9.833333333,13.45,16.58571429,0,0,6.8,0,2.95,18.7,1.1,32.71571405,31.60999979,32.58428574,25.72714288,29.75714302,30.8557148,32.9828573,33.01428522,33.43857193,34.61571394,22.81139628,51.41121864,79.22389412,35.35139227,53.20514584,43.65665245,40.53757604,50.15117836,45.08861033,47.42972565,83.12918745,85.90197972,83.8740496,74.10625785,73.71502468,72.88609859,63.17604283,76.54967172,73.00211225,75.170784
77,West Bengal,North 24 Parganas,248,08-10-2016 00:00,22.9759299,88.7836477,33.17428562,26.05999974,79.78735097,8.32,33,2016,86.87491063,26.05999974,26.15571431,26.01142883,26.51714298,14.83571448,18.22714288,20.02571433,21.59285709,22.6528571,23.20571436,8.32,9.833333333,13.45,16.58571429,0,0,6.8,0,2.95,18.7,33.17428562,32.71571405,31.60999979,32.58428574,25.72714288,29.75714302,30.8557148,32.9828573,33.01428522,33.43857193,79.78735097,22.81139628,51.41121864,79.22389412,35.35139227,53.20514584,43.65665245,40.53757604,50.15117836,45.08861033,86.87491063,83.12918745,85.90197972,83.8740496,74.10625785,73.71502468,72.88609859,63.17604283,76.54967172,73.00211225
78,West Bengal,Murshidabd,118,17-08-2016 00:00,24.3418961,88.3018463,32.1404,23.87564,54.33377266,0,34,2016,82.20239912,23.87564,26.05999974,26.15571431,26.01142883,26.51714298,14.83571448,18.22714288,20.02571433,21.59285709,22.6528571,0,8.32,9.833333333,13.45,16.58571429,0,0,6.8,0,2.95,32.1404,33.17428562,32.71571405,31.60999979,32.58428574,25.72714288,29.75714302,30.8557148,32.9828573,33.01428522,54.33377266,79.78735097,22.81139628,51.41121864,79.22389412,35.35139227,53.20514584,43.65665245,40.53757604,50.15117836,82.20239912,86.87491063,83.12918745,85.90197972,83.8740496,74.10625785,73.71502468,72.88609859,63.17604283,76.54967172
79,West Bengal,Hooghly,124,24-08-2016 00:00,22.6986904,87.9449619,34.024286,26.83285686,35.21456766,7.68,35,2016,83.961089,26.83285686,23.87564,26.05999974,26.15571431,26.01142883,26.51714298,14.83571448,18.22714288,20.02571433,21.59285709,7.68,0,8.32,9.833333333,13.45,16.58571429,0,0,6.8,0,34.024286,32.1404,33.17428562,32.71571405,31.60999979,32.58428574,25.72714288,29.75714302,30.8557148,32.9828573,35.21456766,54.33377266,79.78735097,22.81139628,51.41121864,79.22389412,35.35139227,53.20514584,43.65665245,40.53757604,83.961089,82.20239912,86.87491063,83.12918745,85.90197972,83.8740496,74.10625785,73.71502468,72.88609859,63.17604283
80,West Bengal,Nadia,53,27-08-2016 00:00,23.2294081,88.4000957,34.725714,26.52285712,46.08213933,10.425,35,2016,81.29312025,26.52285712,26.83285686,23.87564,26.05999974,26.15571431,26.01142883,26.51714298,14.83571448,18.22714288,20.02571433,10.425,7.68,0,8.32,9.833333333,13.45,16.58571429,0,0,6.8,34.725714,34.024286,32.1404,33.17428562,32.71571405,31.60999979,32.58428574,25.72714288,29.75714302,30.8557148,46.08213933,35.21456766,54.33377266,79.78735097,22.81139628,51.41121864,79.22389412,35.35139227,53.20514584,43.65665245,81.29312025,83.961089,82.20239912,86.87491063,83.12918745,85.90197972,83.8740496,74.10625785,73.71502468,72.88609859
81,West Bengal,Dakshin Dinajpur,42,26-08-2016 00:00,25.2875498,88.9641261,32.1404,23.87564,53.72651,0,36,2016,81.29312025,23.87564,26.52285712,26.83285686,23.87564,26.05999974,26.15571431,26.01142883,26.51714298,14.83571448,18.22714288,0,10.425,7.68,0,8.32,9.833333333,13.45,16.58571429,0,0,32.1404,34.725714,34.024286,32.1404,33.17428562,32.71571405,31.60999979,32.58428574,25.72714288,29.75714302,53.72651,46.08213933,35.21456766,54.33377266,79.78735097,22.81139628,51.41121864,79.22389412,35.35139227,53.20514584,81.29312025,81.29312025,83.961089,82.20239912,86.87491063,83.12918745,85.90197972,83.8740496,74.10625785,73.71502468
82,West Bengal,Dakshin Dinajpur,72,23-08-2016 00:00,25.1957861,88.9228258,32.1404,23.87564,53.72651,0,36,2016,86.96390206,23.87564,23.87564,26.52285712,26.83285686,23.87564,26.05999974,26.15571431,26.01142883,26.51714298,14.83571448,0,0,10.425,7.68,0,8.32,9.833333333,13.45,16.58571429,0,32.1404,32.1404,34.725714,34.024286,32.1404,33.17428562,32.71571405,31.60999979,32.58428574,25.72714288,53.72651,53.72651,46.08213933,35.21456766,54.33377266,79.78735097,22.81139628,51.41121864,79.22389412,35.35139227,86.96390206,81.29312025,81.29312025,83.961089,82.20239912,86.87491063,83.12918745,85.90197972,83.8740496,74.10625785
83,West Bengal,Murshidabad,148,17-08-2016 00:00,24.089055,88.2590565,32.1404,23.87564,56.60379792,10.7,36,2016,87.10712978,23.87564,23.87564,23.87564,26.52285712,26.83285686,23.87564,26.05999974,26.15571431,26.01142883,26.51714298,10.7,0,0,10.425,7.68,0,8.32,9.833333333,13.45,16.58571429,32.1404,32.1404,32.1404,34.725714,34.024286,32.1404,33.17428562,32.71571405,31.60999979,32.58428574,56.60379792,53.72651,53.72651,46.08213933,35.21456766,54.33377266,79.78735097,22.81139628,51.41121864,79.22389412,87.10712978,86.96390206,81.29312025,81.29312025,83.961089,82.20239912,86.87491063,83.12918745,85.90197972,83.8740496
84,West Bengal,Nadia,162,18-08-2016 00:00,23.0475455,88.6446365,32.02285658,25.44571413,73.96395874,9.383333333,36,2016,87.54500362,25.44571413,23.87564,23.87564,23.87564,26.52285712,26.83285686,23.87564,26.05999974,26.15571431,26.01142883,9.383333333,10.7,0,0,10.425,7.68,0,8.32,9.833333333,13.45,32.02285658,32.1404,32.1404,32.1404,34.725714,34.024286,32.1404,33.17428562,32.71571405,31.60999979,73.96395874,56.60379792,53.72651,53.72651,46.08213933,35.21456766,54.33377266,79.78735097,22.81139628,51.41121864,87.54500362,87.10712978,86.96390206,81.29312025,81.29312025,83.961089,82.20239912,86.87491063,83.12918745,85.90197972
85,West Bengal,Hooghly,2687,07-11-2016 00:00,22.7505213,88.3405772,32.66857093,26.67571449,47.05580648,3.1,37,2016,82.71401106,26.67571449,25.44571413,23.87564,23.87564,23.87564,26.52285712,26.83285686,23.87564,26.05999974,26.15571431,3.1,9.383333333,10.7,0,0,10.425,7.68,0,8.32,9.833333333,32.66857093,32.02285658,32.1404,32.1404,32.1404,34.725714,34.024286,32.1404,33.17428562,32.71571405,47.05580648,73.96395874,56.60379792,53.72651,53.72651,46.08213933,35.21456766,54.33377266,79.78735097,22.81139628,82.71401106,87.54500362,87.10712978,86.96390206,81.29312025,81.29312025,83.961089,82.20239912,86.87491063,83.12918745
86,West Bengal,Murshidabad,148,17-08-2016 00:00,24.089055,88.2590565,32.1404,23.87564,56.95529683,2.875,37,2016,85.82692064,23.87564,26.67571449,25.44571413,23.87564,23.87564,23.87564,26.52285712,26.83285686,23.87564,26.05999974,2.875,3.1,9.383333333,10.7,0,0,10.425,7.68,0,8.32,32.1404,32.66857093,32.02285658,32.1404,32.1404,32.1404,34.725714,34.024286,32.1404,33.17428562,56.95529683,47.05580648,73.96395874,56.60379792,53.72651,53.72651,46.08213933,35.21456766,54.33377266,79.78735097,85.82692064,82.71401106,87.54500362,87.10712978,86.96390206,81.29312025,81.29312025,83.961089,82.20239912,86.87491063
87,West Bengal,Nadia,53,27-08-2016 00:00,23.2322474,88.4024269,33.11714281,26.14999989,45.23857625,2.7,37,2016,84.08845411,26.14999989,23.87564,26.67571449,25.44571413,23.87564,23.87564,23.87564,26.52285712,26.83285686,23.87564,2.7,2.875,3.1,9.383333333,10.7,0,0,10.425,7.68,0,33.11714281,32.1404,32.66857093,32.02285658,32.1404,32.1404,32.1404,34.725714,34.024286,32.1404,45.23857625,56.95529683,47.05580648,73.96395874,56.60379792,53.72651,53.72651,46.08213933,35.21456766,54.33377266,84.08845411,85.82692064,82.71401106,87.54500362,87.10712978,86.96390206,81.29312025,81.29312025,83.961089,82.20239912
88,West Bengal,South 24 Parganas,127,17-09-2016 00:00,22.3519636,88.2047865,33.47714233,26.71428599,72.81597977,8.28,38,2016,85.66322763,26.71428599,26.14999989,23.87564,26.67571449,25.44571413,23.87564,23.87564,23.87564,26.52285712,26.83285686,8.28,2.7,2.875,3.1,9.383333333,10.7,0,0,10.425,7.68,33.47714233,33.11714281,32.1404,32.66857093,32.02285658,32.1404,32.1404,32.1404,34.725714,34.024286,72.81597977,45.23857625,56.95529683,47.05580648,73.96395874,56.60379792,53.72651,53.72651,46.08213933,35.21456766,85.66322763,84.08845411,85.82692064,82.71401106,87.54500362,87.10712978,86.96390206,81.29312025,81.29312025,83.961089
89,West Bengal,North 24 Parganas,281,08-10-2016 00:00,22.9759299,88.7836477,32.71285766,25.70857157,72.62213898,3.44,39,2016,88.1708592,25.70857157,26.71428599,26.14999989,23.87564,26.67571449,25.44571413,23.87564,23.87564,23.87564,26.52285712,3.44,8.28,2.7,2.875,3.1,9.383333333,10.7,0,0,10.425,32.71285766,33.47714233,33.11714281,32.1404,32.66857093,32.02285658,32.1404,32.1404,32.1404,34.725714,72.62213898,72.81597977,45.23857625,56.95529683,47.05580648,73.96395874,56.60379792,53.72651,53.72651,46.08213933,88.1708592,85.66322763,84.08845411,85.82692064,82.71401106,87.54500362,87.10712978,86.96390206,81.29312025,81.29312025
90,West Bengal,Bankura,149,15-10-2016 00:00,23.0582883,86.8097031,32.60714231,19.84571402,65.19872284,0,42,2016,70.17663302,19.84571402,25.70857157,26.71428599,26.14999989,23.87564,26.67571449,25.44571413,23.87564,23.87564,23.87564,0,3.44,8.28,2.7,2.875,3.1,9.383333333,10.7,0,0,32.60714231,32.71285766,33.47714233,33.11714281,32.1404,32.66857093,32.02285658,32.1404,32.1404,32.1404,65.19872284,72.62213898,72.81597977,45.23857625,56.95529683,47.05580648,73.96395874,56.60379792,53.72651,53.72651,70.17663302,88.1708592,85.66322763,84.08845411,85.82692064,82.71401106,87.54500362,87.10712978,86.96390206,81.29312025
91,West Bengal,Jalpaiguri,252,17-10-2016 00:00,26.8822928,88.5772306,29.14428575,17.65571431,52.79961395,0,43,2016,76.28771755,17.65571431,19.84571402,25.70857157,26.71428599,26.14999989,23.87564,26.67571449,25.44571413,23.87564,23.87564,0,0,3.44,8.28,2.7,2.875,3.1,9.383333333,10.7,0,29.14428575,32.60714231,32.71285766,33.47714233,33.11714281,32.1404,32.66857093,32.02285658,32.1404,32.1404,52.79961395,65.19872284,72.62213898,72.81597977,45.23857625,56.95529683,47.05580648,73.96395874,56.60379792,53.72651,76.28771755,70.17663302,88.1708592,85.66322763,84.08845411,85.82692064,82.71401106,87.54500362,87.10712978,86.96390206
92,West Bengal,South 24 Parganas,83,29-10-2016 00:00,22.413546,88.203308,31.91571426,23.04857145,72.06881714,1.2,44,2016,78.80729675,23.04857145,17.65571431,19.84571402,25.70857157,26.71428599,26.14999989,23.87564,26.67571449,25.44571413,23.87564,1.2,0,0,3.44,8.28,2.7,2.875,3.1,9.383333333,10.7,31.91571426,29.14428575,32.60714231,32.71285766,33.47714233,33.11714281,32.1404,32.66857093,32.02285658,32.1404,72.06881714,52.79961395,65.19872284,72.62213898,72.81597977,45.23857625,56.95529683,47.05580648,73.96395874,56.60379792,78.80729675,76.28771755,70.17663302,88.1708592,85.66322763,84.08845411,85.82692064,82.71401106,87.54500362,87.10712978
93,West Bengal,,263,17-10-2016 00:00,26.8822928,88.5772306,28.99285725,16.53999983,46.98041344,0,44,2016,65.33129338,16.53999983,23.04857145,17.65571431,19.84571402,25.70857157,26.71428599,26.14999989,23.87564,26.67571449,25.44571413,0,1.2,0,0,3.44,8.28,2.7,2.875,3.1,9.383333333,28.99285725,31.91571426,29.14428575,32.60714231,32.71285766,33.47714233,33.11714281,32.1404,32.66857093,32.02285658,46.98041344,72.06881714,52.79961395,65.19872284,72.62213898,72.81597977,45.23857625,56.95529683,47.05580648,73.96395874,65.33129338,78.80729675,76.28771755,70.17663302,88.1708592,85.66322763,84.08845411,85.82692064,82.71401106,87.54500362
94,West Bengal,Jalpaiguri,263,17-10-2016 00:00,26.5214579,88.7195567,25.50999996,12.09285736,55.71400528,0,47,2016,73.50161198,12.09285736,16.53999983,23.04857145,17.65571431,19.84571402,25.70857157,26.71428599,26.14999989,23.87564,26.67571449,0,0,1.2,0,0,3.44,8.28,2.7,2.875,3.1,25.50999996,28.99285725,31.91571426,29.14428575,32.60714231,32.71285766,33.47714233,33.11714281,32.1404,32.66857093,55.71400528,46.98041344,72.06881714,52.79961395,65.19872284,72.62213898,72.81597977,45.23857625,56.95529683,47.05580648,73.50161198,65.33129338,78.80729675,76.28771755,70.17663302,88.1708592,85.66322763,84.08845411,85.82692064,82.71401106
95,West Bengal,Birbhum,340,23-07-2017 00:00,23.7884867,87.3749157,33.8371424,25.5157141,71.1779213,8.057142857,31,2017,86.57429395,25.5157141,12.09285736,16.53999983,23.04857145,17.65571431,19.84571402,25.70857157,26.71428599,26.14999989,23.87564,8.057142857,0,0,1.2,0,0,3.44,8.28,2.7,2.875,33.8371424,25.50999996,28.99285725,31.91571426,29.14428575,32.60714231,32.71285766,33.47714233,33.11714281,32.1404,71.1779213,55.71400528,46.98041344,72.06881714,52.79961395,65.19872284,72.62213898,72.81597977,45.23857625,56.95529683,86.57429395,73.50161198,65.33129338,78.80729675,76.28771755,70.17663302,88.1708592,85.66322763,84.08845411,85.82692064
96,West Bengal,North 24 Parganas,387,08-01-2017 00:00,22.6256036,88.3973802,32.66142872,26.93285724,47.68077278,6.7,32,2017,83.13825008,26.93285724,25.5157141,12.09285736,16.53999983,23.04857145,17.65571431,19.84571402,25.70857157,26.71428599,26.14999989,6.7,8.057142857,0,0,1.2,0,0,3.44,8.28,2.7,32.66142872,33.8371424,25.50999996,28.99285725,31.91571426,29.14428575,32.60714231,32.71285766,33.47714233,33.11714281,47.68077278,71.1779213,55.71400528,46.98041344,72.06881714,52.79961395,65.19872284,72.62213898,72.81597977,45.23857625,83.13825008,86.57429395,73.50161198,65.33129338,78.80729675,76.28771755,70.17663302,88.1708592,85.66322763,84.08845411
97,West  Bengal,,383,23-07-2017 00:00,23.8401675,87.6186379,32.69428471,25.10285704,69.7609005,9.214285714,33,2017,88.81262534,25.10285704,26.93285724,25.5157141,12.09285736,16.53999983,23.04857145,17.65571431,19.84571402,25.70857157,26.71428599,9.214285714,6.7,8.057142857,0,0,1.2,0,0,3.44,8.28,32.69428471,32.66142872,33.8371424,25.50999996,28.99285725,31.91571426,29.14428575,32.60714231,32.71285766,33.47714233,69.7609005,47.68077278,71.1779213,55.71400528,46.98041344,72.06881714,52.79961395,65.19872284,72.62213898,72.81597977,88.81262534,83.13825008,86.57429395,73.50161198,65.33129338,78.80729675,76.28771755,70.17663302,88.1708592,85.66322763
98,West  Bengal,,680,08-01-2017 00:00,22.6168099,88.402895,32.36000007,26.36857115,67.74282646,13.9,33,2017,85.50607627,26.36857115,25.10285704,26.93285724,25.5157141,12.09285736,16.53999983,23.04857145,17.65571431,19.84571402,25.70857157,13.9,9.214285714,6.7,8.057142857,0,0,1.2,0,0,3.44,32.36000007,32.69428471,32.66142872,33.8371424,25.50999996,28.99285725,31.91571426,29.14428575,32.60714231,32.71285766,67.74282646,69.7609005,47.68077278,71.1779213,55.71400528,46.98041344,72.06881714,52.79961395,65.19872284,72.62213898,85.50607627,88.81262534,83.13825008,86.57429395,73.50161198,65.33129338,78.80729675,76.28771755,70.17663302,88.1708592
99,West Bengal,Purba Medinipur,147,31-07-2017 00:00,22.3576057,87.6889292,32.48285702,26.23428563,13.53584433,10.21666667,33,2017,88.31839098,26.23428563,26.36857115,25.10285704,26.93285724,25.5157141,12.09285736,16.53999983,23.04857145,17.65571431,19.84571402,10.21666667,13.9,9.214285714,6.7,8.057142857,0,0,1.2,0,0,32.48285702,32.36000007,32.69428471,32.66142872,33.8371424,25.50999996,28.99285725,31.91571426,29.14428575,32.60714231,13.53584433,67.74282646,69.7609005,47.68077278,71.1779213,55.71400528,46.98041344,72.06881714,52.79961395,65.19872284,88.31839098,85.50607627,88.81262534,83.13825008,86.57429395,73.50161198,65.33129338,78.80729675,76.28771755,70.17663302
100,West Bengal,Purba Medinipur,65,18-08-2017 00:00,22.3615264,87.650714,32.48285702,26.23428563,13.53584433,10.21666667,33,2017,88.51947022,26.23428563,26.23428563,26.36857115,25.10285704,26.93285724,25.5157141,12.09285736,16.53999983,23.04857145,17.65571431,10.21666667,10.21666667,13.9,9.214285714,6.7,8.057142857,0,0,1.2,0,32.48285702,32.48285702,32.36000007,32.69428471,32.66142872,33.8371424,25.50999996,28.99285725,31.91571426,29.14428575,13.53584433,13.53584433,67.74282646,69.7609005,47.68077278,71.1779213,55.71400528,46.98041344,72.06881714,52.79961395,88.51947022,88.31839098,85.50607627,88.81262534,83.13825008,86.57429395,73.50161198,65.33129338,78.80729675,76.28771755
101,West Bengal,North 24 Pargana,757,08-01-2017 00:00,22.6257184,88.4019925,33.08571407,26.96571377,61.28886922,6.9,34,2017,81.48091452,26.96571377,26.23428563,26.23428563,26.36857115,25.10285704,26.93285724,25.5157141,12.09285736,16.53999983,23.04857145,6.9,10.21666667,10.21666667,13.9,9.214285714,6.7,8.057142857,0,0,1.2,33.08571407,32.48285702,32.48285702,32.36000007,32.69428471,32.66142872,33.8371424,25.50999996,28.99285725,31.91571426,61.28886922,13.53584433,13.53584433,67.74282646,69.7609005,47.68077278,71.1779213,55.71400528,46.98041344,72.06881714,81.48091452,88.51947022,88.31839098,85.50607627,88.81262534,83.13825008,86.57429395,73.50161198,65.33129338,78.80729675
102,West Bengal,Purba Medinipur,186,31-07-2017 00:00,21.9372879,87.7763333,33.29999978,26.70285715,15.08850664,7,34,2017,85.13865335,26.70285715,26.96571377,26.23428563,26.23428563,26.36857115,25.10285704,26.93285724,25.5157141,12.09285736,16.53999983,7,6.9,10.21666667,10.21666667,13.9,9.214285714,6.7,8.057142857,0,0,33.29999978,33.08571407,32.48285702,32.48285702,32.36000007,32.69428471,32.66142872,33.8371424,25.50999996,28.99285725,15.08850664,61.28886922,13.53584433,13.53584433,67.74282646,69.7609005,47.68077278,71.1779213,55.71400528,46.98041344,85.13865335,81.48091452,88.51947022,88.31839098,85.50607627,88.81262534,83.13825008,86.57429395,73.50161198,65.33129338
103,West Bengal,Purba Medinipur,90,31-07-2017 00:00,21.7935513,87.8280046,32.1404,23.87564,11.7216479,7,34,2017,81.06741224,23.87564,26.70285715,26.96571377,26.23428563,26.23428563,26.36857115,25.10285704,26.93285724,25.5157141,12.09285736,7,7,6.9,10.21666667,10.21666667,13.9,9.214285714,6.7,8.057142857,0,32.1404,33.29999978,33.08571407,32.48285702,32.48285702,32.36000007,32.69428471,32.66142872,33.8371424,25.50999996,11.7216479,15.08850664,61.28886922,13.53584433,13.53584433,67.74282646,69.7609005,47.68077278,71.1779213,55.71400528,81.06741224,85.13865335,81.48091452,88.51947022,88.31839098,85.50607627,88.81262534,83.13825008,86.57429395,73.50161198
104,West  Bengal,Birbhum,383,23-07-2017 00:00,23.7940598,87.3746285,35.27142879,25.89428575,75.60399056,6,35,2017,89.43206024,25.89428575,23.87564,26.70285715,26.96571377,26.23428563,26.23428563,26.36857115,25.10285704,26.93285724,25.5157141,6,7,7,6.9,10.21666667,10.21666667,13.9,9.214285714,6.7,8.057142857,35.27142879,32.1404,33.29999978,33.08571407,32.48285702,32.48285702,32.36000007,32.69428471,32.66142872,33.8371424,75.60399056,11.7216479,15.08850664,61.28886922,13.53584433,13.53584433,67.74282646,69.7609005,47.68077278,71.1779213,89.43206024,81.06741224,85.13865335,81.48091452,88.51947022,88.31839098,85.50607627,88.81262534,83.13825008,86.57429395
105,West  Bengal,North 24 Parganas,806,08-04-2017 00:00,22.6636826,88.4274369,32.73714311,26.74571419,44.18265343,8.54,36,2017,75.45958601,26.74571419,25.89428575,23.87564,26.70285715,26.96571377,26.23428563,26.23428563,26.36857115,25.10285704,26.93285724,8.54,6,7,7,6.9,10.21666667,10.21666667,13.9,9.214285714,6.7,32.73714311,35.27142879,32.1404,33.29999978,33.08571407,32.48285702,32.48285702,32.36000007,32.69428471,32.66142872,44.18265343,75.60399056,11.7216479,15.08850664,61.28886922,13.53584433,13.53584433,67.74282646,69.7609005,47.68077278,75.45958601,89.43206024,81.06741224,85.13865335,81.48091452,88.51947022,88.31839098,85.50607627,88.81262534,83.13825008
106,West  Bengal,Purba Medinipur,104,18-08-2017 00:00,25.1477489,82.5491462,33.34142903,25.39142799,58.25612793,0.4,36,2017,71.45772661,25.39142799,26.74571419,25.89428575,23.87564,26.70285715,26.96571377,26.23428563,26.23428563,26.36857115,25.10285704,0.4,8.54,6,7,7,6.9,10.21666667,10.21666667,13.9,9.214285714,33.34142903,32.73714311,35.27142879,32.1404,33.29999978,33.08571407,32.48285702,32.48285702,32.36000007,32.69428471,58.25612793,44.18265343,75.60399056,11.7216479,15.08850664,61.28886922,13.53584433,13.53584433,67.74282646,69.7609005,71.45772661,75.45958601,89.43206024,81.06741224,85.13865335,81.48091452,88.51947022,88.31839098,85.50607627,88.81262534
107,West Bengal,Nadia,124,21-08-2017 00:00,23.3788213,88.485035,33.93999972,26.41285733,72.55072784,9.071428571,38,2017,86.22654615,26.41285733,25.39142799,26.74571419,25.89428575,23.87564,26.70285715,26.96571377,26.23428563,26.23428563,26.36857115,9.071428571,0.4,8.54,6,7,7,6.9,10.21666667,10.21666667,13.9,33.93999972,33.34142903,32.73714311,35.27142879,32.1404,33.29999978,33.08571407,32.48285702,32.48285702,32.36000007,72.55072784,58.25612793,44.18265343,75.60399056,11.7216479,15.08850664,61.28886922,13.53584433,13.53584433,67.74282646,86.22654615,71.45772661,75.45958601,89.43206024,81.06741224,85.13865335,81.48091452,88.51947022,88.31839098,85.50607627
108,West Bengal,North 24 Paragana,794,08-04-2017 00:00,22.6089295,88.3983432,33.36571475,26.82285718,60.66042582,15.54,38,2017,83.38130733,26.82285718,26.41285733,25.39142799,26.74571419,25.89428575,23.87564,26.70285715,26.96571377,26.23428563,26.23428563,15.54,9.071428571,0.4,8.54,6,7,7,6.9,10.21666667,10.21666667,33.36571475,33.93999972,33.34142903,32.73714311,35.27142879,32.1404,33.29999978,33.08571407,32.48285702,32.48285702,60.66042582,72.55072784,58.25612793,44.18265343,75.60399056,11.7216479,15.08850664,61.28886922,13.53584433,13.53584433,83.38130733,86.22654615,71.45772661,75.45958601,89.43206024,81.06741224,85.13865335,81.48091452,88.51947022,88.31839098
109,West Bengal,North 24 Paragana,834,08-04-2017 00:00,22.6260481,88.3986384,33.36571475,26.82285718,35.40852483,15.54,38,2017,81.5898274,26.82285718,26.82285718,26.41285733,25.39142799,26.74571419,25.89428575,23.87564,26.70285715,26.96571377,26.23428563,15.54,15.54,9.071428571,0.4,8.54,6,7,7,6.9,10.21666667,33.36571475,33.36571475,33.93999972,33.34142903,32.73714311,35.27142879,32.1404,33.29999978,33.08571407,32.48285702,35.40852483,60.66042582,72.55072784,58.25612793,44.18265343,75.60399056,11.7216479,15.08850664,61.28886922,13.53584433,81.5898274,83.38130733,86.22654615,71.45772661,75.45958601,89.43206024,81.06741224,85.13865335,81.48091452,88.51947022
110,West Bengal,Nadia,284,21-08-2017 00:00,23.3788213,88.485035,33.08999988,25.74285698,66.89149857,14.63333333,39,2017,85.88783046,25.74285698,26.82285718,26.82285718,26.41285733,25.39142799,26.74571419,25.89428575,23.87564,26.70285715,26.96571377,14.63333333,15.54,15.54,9.071428571,0.4,8.54,6,7,7,6.9,33.08999988,33.36571475,33.36571475,33.93999972,33.34142903,32.73714311,35.27142879,32.1404,33.29999978,33.08571407,66.89149857,35.40852483,60.66042582,72.55072784,58.25612793,44.18265343,75.60399056,11.7216479,15.08850664,61.28886922,85.88783046,81.5898274,83.38130733,86.22654615,71.45772661,75.45958601,89.43206024,81.06741224,85.13865335,81.48091452
111,West Bengal,Nadia,284,21-08-2017 00:00,23.3788213,88.485035,32.44857161,24.8214283,70.03481547,11.4,41,2017,86.81158447,24.8214283,25.74285698,26.82285718,26.82285718,26.41285733,25.39142799,26.74571419,25.89428575,23.87564,26.70285715,11.4,14.63333333,15.54,15.54,9.071428571,0.4,8.54,6,7,7,32.44857161,33.08999988,33.36571475,33.36571475,33.93999972,33.34142903,32.73714311,35.27142879,32.1404,33.29999978,70.03481547,66.89149857,35.40852483,60.66042582,72.55072784,58.25612793,44.18265343,75.60399056,11.7216479,15.08850664,86.81158447,85.88783046,81.5898274,83.38130733,86.22654615,71.45772661,75.45958601,89.43206024,81.06741224,85.13865335
112,West  Bengal,,917,21-09-2017 00:00,22.4954988,88.3709008,32.12857165,23.83571434,73.16185188,72.06666667,42,2017,84.13697597,23.83571434,24.8214283,25.74285698,26.82285718,26.82285718,26.41285733,25.39142799,26.74571419,25.89428575,23.87564,72.06666667,11.4,14.63333333,15.54,15.54,9.071428571,0.4,8.54,6,7,32.12857165,32.44857161,33.08999988,33.36571475,33.36571475,33.93999972,33.34142903,32.73714311,35.27142879,32.1404,73.16185188,70.03481547,66.89149857,35.40852483,60.66042582,72.55072784,58.25612793,44.18265343,75.60399056,11.7216479,84.13697597,86.81158447,85.88783046,81.5898274,83.38130733,86.22654615,71.45772661,75.45958601,89.43206024,81.06741224
113,West Bengal,Nadia,286,21-08-2017 00:00,23.3788213,88.485035,30.35571425,23.1514285,79.53124428,6.3,43,2017,81.3454786,23.1514285,23.83571434,24.8214283,25.74285698,26.82285718,26.82285718,26.41285733,25.39142799,26.74571419,25.89428575,6.3,72.06666667,11.4,14.63333333,15.54,15.54,9.071428571,0.4,8.54,6,30.35571425,32.12857165,32.44857161,33.08999988,33.36571475,33.36571475,33.93999972,33.34142903,32.73714311,35.27142879,79.53124428,73.16185188,70.03481547,66.89149857,35.40852483,60.66042582,72.55072784,58.25612793,44.18265343,75.60399056,81.3454786,84.13697597,86.81158447,85.88783046,81.5898274,83.38130733,86.22654615,71.45772661,75.45958601,89.43206024
114,West Bengal,Malda,278,25-09-2017 00:00,25.0101195,88.1343241,30.02285712,19.33714267,83.59309197,0,44,2017,80.75148446,19.33714267,23.1514285,23.83571434,24.8214283,25.74285698,26.82285718,26.82285718,26.41285733,25.39142799,26.74571419,0,6.3,72.06666667,11.4,14.63333333,15.54,15.54,9.071428571,0.4,8.54,30.02285712,30.35571425,32.12857165,32.44857161,33.08999988,33.36571475,33.36571475,33.93999972,33.34142903,32.73714311,83.59309197,79.53124428,73.16185188,70.03481547,66.89149857,35.40852483,60.66042582,72.55072784,58.25612793,44.18265343,80.75148446,81.3454786,84.13697597,86.81158447,85.88783046,81.5898274,83.38130733,86.22654615,71.45772661,75.45958601
115,West Bengal,North 24 Paraganas,1305,21-09-2017 00:00,22.7935441,88.7352714,30.23285702,21.42000008,68.89933586,1.3,44,2017,77.87053135,21.42000008,19.33714267,23.1514285,23.83571434,24.8214283,25.74285698,26.82285718,26.82285718,26.41285733,25.39142799,1.3,0,6.3,72.06666667,11.4,14.63333333,15.54,15.54,9.071428571,0.4,30.23285702,30.02285712,30.35571425,32.12857165,32.44857161,33.08999988,33.36571475,33.36571475,33.93999972,33.34142903,68.89933586,83.59309197,79.53124428,73.16185188,70.03481547,66.89149857,35.40852483,60.66042582,72.55072784,58.25612793,77.87053135,80.75148446,81.3454786,84.13697597,86.81158447,85.88783046,81.5898274,83.38130733,86.22654615,71.45772661
116,West Bengal,Murshidabad,241,14-07-2018 00:00,24.7177564,87.9328282,32.1404,23.87564,94.24892044,15.24285714,30,2018,89.7033299,23.87564,21.42000008,19.33714267,23.1514285,23.83571434,24.8214283,25.74285698,26.82285718,26.82285718,26.41285733,15.24285714,1.3,0,6.3,72.06666667,11.4,14.63333333,15.54,15.54,9.071428571,32.1404,30.23285702,30.02285712,30.35571425,32.12857165,32.44857161,33.08999988,33.36571475,33.36571475,33.93999972,94.24892044,68.89933586,83.59309197,79.53124428,73.16185188,70.03481547,66.89149857,35.40852483,60.66042582,72.55072784,89.7033299,77.87053135,80.75148446,81.3454786,84.13697597,86.81158447,85.88783046,81.5898274,83.38130733,86.22654615
117,West Bengal,Murshidabad,344,24-07-2018 00:00,24.718513,87.927504,32.1404,23.87564,85.89683533,8.928571429,31,2018,87.73468235,23.87564,23.87564,21.42000008,19.33714267,23.1514285,23.83571434,24.8214283,25.74285698,26.82285718,26.82285718,8.928571429,15.24285714,1.3,0,6.3,72.06666667,11.4,14.63333333,15.54,15.54,32.1404,32.1404,30.23285702,30.02285712,30.35571425,32.12857165,32.44857161,33.08999988,33.36571475,33.36571475,85.89683533,94.24892044,68.89933586,83.59309197,79.53124428,73.16185188,70.03481547,66.89149857,35.40852483,60.66042582,87.73468235,89.7033299,77.87053135,80.75148446,81.3454786,84.13697597,86.81158447,85.88783046,81.5898274,83.38130733
118,West Bengal,Purulia,16,08-03-2018 00:00,23.3341269,86.3622436,30.98571396,24.10285732,76.7022686,15.08571429,31,2018,87.27634866,24.10285732,23.87564,23.87564,21.42000008,19.33714267,23.1514285,23.83571434,24.8214283,25.74285698,26.82285718,15.08571429,8.928571429,15.24285714,1.3,0,6.3,72.06666667,11.4,14.63333333,15.54,30.98571396,32.1404,32.1404,30.23285702,30.02285712,30.35571425,32.12857165,32.44857161,33.08999988,33.36571475,76.7022686,85.89683533,94.24892044,68.89933586,83.59309197,79.53124428,73.16185188,70.03481547,66.89149857,35.40852483,87.27634866,87.73468235,89.7033299,77.87053135,80.75148446,81.3454786,84.13697597,86.81158447,85.88783046,81.5898274
119,West Bengal,Murshidabad,391,24-07-2018 00:00,24.718513,87.927504,32.1404,23.87564,77.21668053,5.15,32,2018,80.79142216,23.87564,24.10285732,23.87564,23.87564,21.42000008,19.33714267,23.1514285,23.83571434,24.8214283,25.74285698,5.15,15.08571429,8.928571429,15.24285714,1.3,0,6.3,72.06666667,11.4,14.63333333,32.1404,30.98571396,32.1404,32.1404,30.23285702,30.02285712,30.35571425,32.12857165,32.44857161,33.08999988,77.21668053,76.7022686,85.89683533,94.24892044,68.89933586,83.59309197,79.53124428,73.16185188,70.03481547,66.89149857,80.79142216,87.27634866,87.73468235,89.7033299,77.87053135,80.75148446,81.3454786,84.13697597,86.81158447,85.88783046
120,West Bengal,Murshidabad,532,24-07-2018 00:00,24.1759039,88.2801785,32.1404,23.87564,35.25146408,3.8,33,2018,77.94913483,23.87564,23.87564,24.10285732,23.87564,23.87564,21.42000008,19.33714267,23.1514285,23.83571434,24.8214283,3.8,5.15,15.08571429,8.928571429,15.24285714,1.3,0,6.3,72.06666667,11.4,32.1404,32.1404,30.98571396,32.1404,32.1404,30.23285702,30.02285712,30.35571425,32.12857165,32.44857161,35.25146408,77.21668053,76.7022686,85.89683533,94.24892044,68.89933586,83.59309197,79.53124428,73.16185188,70.03481547,77.94913483,80.79142216,87.27634866,87.73468235,89.7033299,77.87053135,80.75148446,81.3454786,84.13697597,86.81158447
121,West Bengal,Paschim Medinipur,497,08-06-2018 00:00,22.2665401,87.627684,33.1528571,26.92999976,29.2123456,5.616666667,33,2018,87.39351872,26.92999976,23.87564,23.87564,24.10285732,23.87564,23.87564,21.42000008,19.33714267,23.1514285,23.83571434,5.616666667,3.8,5.15,15.08571429,8.928571429,15.24285714,1.3,0,6.3,72.06666667,33.1528571,32.1404,32.1404,30.98571396,32.1404,32.1404,30.23285702,30.02285712,30.35571425,32.12857165,29.2123456,35.25146408,77.21668053,76.7022686,85.89683533,94.24892044,68.89933586,83.59309197,79.53124428,73.16185188,87.39351872,77.94913483,80.79142216,87.27634866,87.73468235,89.7033299,77.87053135,80.75148446,81.3454786,84.13697597
122,West Bengal,Murshidabad,651,24-07-2018 00:00,24.1759039,88.2801785,32.1404,23.87564,45.63659859,6.228571429,34,2018,85.05790601,23.87564,26.92999976,23.87564,23.87564,24.10285732,23.87564,23.87564,21.42000008,19.33714267,23.1514285,6.228571429,5.616666667,3.8,5.15,15.08571429,8.928571429,15.24285714,1.3,0,6.3,32.1404,33.1528571,32.1404,32.1404,30.98571396,32.1404,32.1404,30.23285702,30.02285712,30.35571425,45.63659859,29.2123456,35.25146408,77.21668053,76.7022686,85.89683533,94.24892044,68.89933586,83.59309197,79.53124428,85.05790601,87.39351872,77.94913483,80.79142216,87.27634866,87.73468235,89.7033299,77.87053135,80.75148446,81.3454786
123,West Bengal,Paschim Medinipur,1173,08-06-2018 00:00,22.4080376,87.3810727,32.64714241,26.47714315,68.41410256,12.08571429,34,2018,87.54190935,26.47714315,23.87564,26.92999976,23.87564,23.87564,24.10285732,23.87564,23.87564,21.42000008,19.33714267,12.08571429,6.228571429,5.616666667,3.8,5.15,15.08571429,8.928571429,15.24285714,1.3,0,32.64714241,32.1404,33.1528571,32.1404,32.1404,30.98571396,32.1404,32.1404,30.23285702,30.02285712,68.41410256,45.63659859,29.2123456,35.25146408,77.21668053,76.7022686,85.89683533,94.24892044,68.89933586,83.59309197,87.54190935,85.05790601,87.39351872,77.94913483,80.79142216,87.27634866,87.73468235,89.7033299,77.87053135,80.75148446
124,West Bengal,Purulia,651,08-03-2018 00:00,23.3316742,86.3666971,32.4357139,25.0557142,89.14561653,4.571428571,34,2018,89.32520621,25.0557142,26.47714315,23.87564,26.92999976,23.87564,23.87564,24.10285732,23.87564,23.87564,21.42000008,4.571428571,12.08571429,6.228571429,5.616666667,3.8,5.15,15.08571429,8.928571429,15.24285714,1.3,32.4357139,32.64714241,32.1404,33.1528571,32.1404,32.1404,30.98571396,32.1404,32.1404,30.23285702,89.14561653,68.41410256,45.63659859,29.2123456,35.25146408,77.21668053,76.7022686,85.89683533,94.24892044,68.89933586,89.32520621,87.54190935,85.05790601,87.39351872,77.94913483,80.79142216,87.27634866,87.73468235,89.7033299,77.87053135
125,West Bengal,Nadia,465,28-08-2018 00:00,21.9384172,88.387051,32.11000034,26.57285745,47.84843636,5.285714286,35,2018,86.26069314,26.57285745,25.0557142,26.47714315,23.87564,26.92999976,23.87564,23.87564,24.10285732,23.87564,23.87564,5.285714286,4.571428571,12.08571429,6.228571429,5.616666667,3.8,5.15,15.08571429,8.928571429,15.24285714,32.11000034,32.4357139,32.64714241,32.1404,33.1528571,32.1404,32.1404,30.98571396,32.1404,32.1404,47.84843636,89.14561653,68.41410256,45.63659859,29.2123456,35.25146408,77.21668053,76.7022686,85.89683533,94.24892044,86.26069314,89.32520621,87.54190935,85.05790601,87.39351872,77.94913483,80.79142216,87.27634866,87.73468235,89.7033299
126,West Bengal,Nadia,286,09-07-2018 00:00,23.4389766,88.4121416,32.75285775,25.77428573,62.93319702,10.26,36,2018,81.73393249,25.77428573,26.57285745,25.0557142,26.47714315,23.87564,26.92999976,23.87564,23.87564,24.10285732,23.87564,10.26,5.285714286,4.571428571,12.08571429,6.228571429,5.616666667,3.8,5.15,15.08571429,8.928571429,32.75285775,32.11000034,32.4357139,32.64714241,32.1404,33.1528571,32.1404,32.1404,30.98571396,32.1404,62.93319702,47.84843636,89.14561653,68.41410256,45.63659859,29.2123456,35.25146408,77.21668053,76.7022686,85.89683533,81.73393249,86.26069314,89.32520621,87.54190935,85.05790601,87.39351872,77.94913483,80.79142216,87.27634866,87.73468235
127,West Bengal,Paschim Medinipur,1430,08-06-2018 00:00,22.2618667,87.6593461,31.96428571,25.85857119,43.78509498,10.15,36,2018,86.88739232,25.85857119,25.77428573,26.57285745,25.0557142,26.47714315,23.87564,26.92999976,23.87564,23.87564,24.10285732,10.15,10.26,5.285714286,4.571428571,12.08571429,6.228571429,5.616666667,3.8,5.15,15.08571429,31.96428571,32.75285775,32.11000034,32.4357139,32.64714241,32.1404,33.1528571,32.1404,32.1404,30.98571396,43.78509498,62.93319702,47.84843636,89.14561653,68.41410256,45.63659859,29.2123456,35.25146408,77.21668053,76.7022686,86.88739232,81.73393249,86.26069314,89.32520621,87.54190935,85.05790601,87.39351872,77.94913483,80.79142216,87.27634866
128,West Bengal,Paschim Medinipur,1430,08-06-2018 00:00,22.2618667,87.6593461,31.96428571,25.85857119,43.78509498,10.15,36,2018,86.88739232,25.85857119,25.85857119,25.77428573,26.57285745,25.0557142,26.47714315,23.87564,26.92999976,23.87564,23.87564,10.15,10.15,10.26,5.285714286,4.571428571,12.08571429,6.228571429,5.616666667,3.8,5.15,31.96428571,31.96428571,32.75285775,32.11000034,32.4357139,32.64714241,32.1404,33.1528571,32.1404,32.1404,43.78509498,43.78509498,62.93319702,47.84843636,89.14561653,68.41410256,45.63659859,29.2123456,35.25146408,77.21668053,86.88739232,86.88739232,81.73393249,86.26069314,89.32520621,87.54190935,85.05790601,87.39351872,77.94913483,80.79142216
129,West Bengal,Nadia,587,28-08-2018 00:00,21.9384172,88.387051,33.48000009,26.52714293,52.65346146,6.866666667,37,2018,84.07492065,26.52714293,25.85857119,25.85857119,25.77428573,26.57285745,25.0557142,26.47714315,23.87564,26.92999976,23.87564,6.866666667,10.15,10.15,10.26,5.285714286,4.571428571,12.08571429,6.228571429,5.616666667,3.8,33.48000009,31.96428571,31.96428571,32.75285775,32.11000034,32.4357139,32.64714241,32.1404,33.1528571,32.1404,52.65346146,43.78509498,43.78509498,62.93319702,47.84843636,89.14561653,68.41410256,45.63659859,29.2123456,35.25146408,84.07492065,86.88739232,86.88739232,81.73393249,86.26069314,89.32520621,87.54190935,85.05790601,87.39351872,77.94913483
130,West Bengal,Nadia,419,09-07-2018 00:00,22.2859584,88.2299086,33.48000009,26.52714293,47.34270573,5.8,37,2018,83.21126883,26.52714293,26.52714293,25.85857119,25.85857119,25.77428573,26.57285745,25.0557142,26.47714315,23.87564,26.92999976,5.8,6.866666667,10.15,10.15,10.26,5.285714286,4.571428571,12.08571429,6.228571429,5.616666667,33.48000009,33.48000009,31.96428571,31.96428571,32.75285775,32.11000034,32.4357139,32.64714241,32.1404,33.1528571,47.34270573,52.65346146,43.78509498,43.78509498,62.93319702,47.84843636,89.14561653,68.41410256,45.63659859,29.2123456,83.21126883,84.07492065,86.88739232,86.88739232,81.73393249,86.26069314,89.32520621,87.54190935,85.05790601,87.39351872
131,West Bengal,Nadia,419,09-07-2018 00:00,22.9496286,88.6130318,35.1599993,25.30571447,33.80982717,0,40,2018,60.96198273,25.30571447,26.52714293,26.52714293,25.85857119,25.85857119,25.77428573,26.57285745,25.0557142,26.47714315,23.87564,0,5.8,6.866666667,10.15,10.15,10.26,5.285714286,4.571428571,12.08571429,6.228571429,35.1599993,33.48000009,33.48000009,31.96428571,31.96428571,32.75285775,32.11000034,32.4357139,32.64714241,32.1404,33.80982717,47.34270573,52.65346146,43.78509498,43.78509498,62.93319702,47.84843636,89.14561653,68.41410256,45.63659859,60.96198273,83.21126883,84.07492065,86.88739232,86.88739232,81.73393249,86.26069314,89.32520621,87.54190935,85.05790601
132,West Bengal,South 24 Parganas,728,08-06-2018 00:00,22.4282719,88.2144672,35.03571429,25.92571449,29.11934662,0,40,2018,64.91194425,25.92571449,25.30571447,26.52714293,26.52714293,25.85857119,25.85857119,25.77428573,26.57285745,25.0557142,26.47714315,0,0,5.8,6.866666667,10.15,10.15,10.26,5.285714286,4.571428571,12.08571429,35.03571429,35.1599993,33.48000009,33.48000009,31.96428571,31.96428571,32.75285775,32.11000034,32.4357139,32.64714241,29.11934662,33.80982717,47.34270573,52.65346146,43.78509498,43.78509498,62.93319702,47.84843636,89.14561653,68.41410256,64.91194425,60.96198273,83.21126883,84.07492065,86.88739232,86.88739232,81.73393249,86.26069314,89.32520621,87.54190935
133,West Bengal,Paschim Medinipur,1568,08-06-2018 00:00,22.2665401,87.627684,30.15571431,23.54857145,63.89182282,14.3,41,2018,83.25781741,23.54857145,25.92571449,25.30571447,26.52714293,26.52714293,25.85857119,25.85857119,25.77428573,26.57285745,25.0557142,14.3,0,0,5.8,6.866666667,10.15,10.15,10.26,5.285714286,4.571428571,30.15571431,35.03571429,35.1599993,33.48000009,33.48000009,31.96428571,31.96428571,32.75285775,32.11000034,32.4357139,63.89182282,29.11934662,33.80982717,47.34270573,52.65346146,43.78509498,43.78509498,62.93319702,47.84843636,89.14561653,83.25781741,64.91194425,60.96198273,83.21126883,84.07492065,86.88739232,86.88739232,81.73393249,86.26069314,89.32520621
134,West Bengal,Nadia,479,09-07-2018 00:00,23.4389766,88.4121416,31.03428623,19.66571426,55.14956761,0,45,2018,66.633067,19.66571426,23.54857145,25.92571449,25.30571447,26.52714293,26.52714293,25.85857119,25.85857119,25.77428573,26.57285745,0,14.3,0,0,5.8,6.866666667,10.15,10.15,10.26,5.285714286,31.03428623,30.15571431,35.03571429,35.1599993,33.48000009,33.48000009,31.96428571,31.96428571,32.75285775,32.11000034,55.14956761,63.89182282,29.11934662,33.80982717,47.34270573,52.65346146,43.78509498,43.78509498,62.93319702,47.84843636,66.633067,83.25781741,64.91194425,60.96198273,83.21126883,84.07492065,86.88739232,86.88739232,81.73393249,86.26069314
135,West Bengal,Nadia,27,08-09-2019 00:00,22.9639139,88.576327,33.68714278,26.57714272,58.219944,11.15,32,2019,87.86294992,26.57714272,19.66571426,23.54857145,25.92571449,25.30571447,26.52714293,26.52714293,25.85857119,25.85857119,25.77428573,11.15,0,14.3,0,0,5.8,6.866666667,10.15,10.15,10.26,33.68714278,31.03428623,30.15571431,35.03571429,35.1599993,33.48000009,33.48000009,31.96428571,31.96428571,32.75285775,58.219944,55.14956761,63.89182282,29.11934662,33.80982717,47.34270573,52.65346146,43.78509498,43.78509498,62.93319702,87.86294992,66.633067,83.25781741,64.91194425,60.96198273,83.21126883,84.07492065,86.88739232,86.88739232,81.73393249
136,West Bengal,Murshidabad,17,16-08-2019 00:00,23.9072888,88.4573454,32.69999967,23.87564,64.57842102,13.86666667,33,2019,90.47886331,23.87564,26.57714272,19.66571426,23.54857145,25.92571449,25.30571447,26.52714293,26.52714293,25.85857119,25.85857119,13.86666667,11.15,0,14.3,0,0,5.8,6.866666667,10.15,10.15,32.69999967,33.68714278,31.03428623,30.15571431,35.03571429,35.1599993,33.48000009,33.48000009,31.96428571,31.96428571,64.57842102,58.219944,55.14956761,63.89182282,29.11934662,33.80982717,47.34270573,52.65346146,43.78509498,43.78509498,90.47886331,87.86294992,66.633067,83.25781741,64.91194425,60.96198273,83.21126883,84.07492065,86.88739232,86.88739232
137,West Bengal,Murshidabad,480,16-08-2019 00:00,23.9072888,88.4573454,34.35857064,23.87564,55.54501801,3.72,34,2019,87.55887604,23.87564,23.87564,26.57714272,19.66571426,23.54857145,25.92571449,25.30571447,26.52714293,26.52714293,25.85857119,3.72,13.86666667,11.15,0,14.3,0,0,5.8,6.866666667,10.15,34.35857064,32.69999967,33.68714278,31.03428623,30.15571431,35.03571429,35.1599993,33.48000009,33.48000009,31.96428571,55.54501801,64.57842102,58.219944,55.14956761,63.89182282,29.11934662,33.80982717,47.34270573,52.65346146,43.78509498,87.55887604,90.47886331,87.86294992,66.633067,83.25781741,64.91194425,60.96198273,83.21126883,84.07492065,86.88739232
138,West Bengal,Purba Medinipur,428,08-12-2019 00:00,22.112785,88.0095226,32.76000077,26.73571423,14.73755598,8.65,34,2019,88.61467852,26.73571423,23.87564,23.87564,26.57714272,19.66571426,23.54857145,25.92571449,25.30571447,26.52714293,26.52714293,8.65,3.72,13.86666667,11.15,0,14.3,0,0,5.8,6.866666667,32.76000077,34.35857064,32.69999967,33.68714278,31.03428623,30.15571431,35.03571429,35.1599993,33.48000009,33.48000009,14.73755598,55.54501801,64.57842102,58.219944,55.14956761,63.89182282,29.11934662,33.80982717,47.34270573,52.65346146,88.61467852,87.55887604,90.47886331,87.86294992,66.633067,83.25781741,64.91194425,60.96198273,83.21126883,84.07492065
139,West Bengal,Purba Medinipur,464,12-08-2019 00:00,22.112785,88.0095226,33.09142848,26.77428545,18.96505737,4.866666667,35,2019,86.9434433,26.77428545,26.73571423,23.87564,23.87564,26.57714272,19.66571426,23.54857145,25.92571449,25.30571447,26.52714293,4.866666667,8.65,3.72,13.86666667,11.15,0,14.3,0,0,5.8,33.09142848,32.76000077,34.35857064,32.69999967,33.68714278,31.03428623,30.15571431,35.03571429,35.1599993,33.48000009,18.96505737,14.73755598,55.54501801,64.57842102,58.219944,55.14956761,63.89182282,29.11934662,33.80982717,47.34270573,86.9434433,88.61467852,87.55887604,90.47886331,87.86294992,66.633067,83.25781741,64.91194425,60.96198273,83.21126883
